"dt_name","dt_code","dt_wcm","dt_group","dt_class","dt_cluster","dt_priority","dt_user_selectable","oeeType","fault_code"
"","Catches fault codes with no SDC","","","","LN52States","-1","false","Performance","-9000"
"","Running","","","","LN52States","-1","false","Running","0"
"","E - Stop","","","","LN52States","-1","false","Performance","1"
"","C - Stop","","","","LN52States","-1","false","Performance","2"
"","M-Stop","","","","LN52States","-1","false","Performance","4"
"","Photoeye","","","","LN52States","-1","false","Performance","8"
"","Break","","","","LN52States","-1000","false","Planned","16"
"","SCHEDULED RUN (OFF AT PANEL)","","","","LN52States","-1","false","Performance","17"
"","CLEAN OUT ACTIVE","","","","LN52States","-1","false","Performance","32"
"","Breakdown-Machine","Machine","Assembly Tools","Electrical","LN52States","-1","true","Performance","200"
"","Breakdown-Machine","Machine","Assembly Tools","Mechanical","LN52States","-1","true","Performance","201"
"","Breakdown-Machine","Machine","Assembly Tools","Hydraulic","LN52States","-1","true","Performance","202"
"","Breakdown-Machine","Machine","Assembly Tools","Pneumatic","LN52States","-1","true","Performance","203"
"","Breakdown-Machine","Machine","Assembly Tools","Communication","LN52States","-1","true","Performance","205"
"","Breakdown-Machine","Machine","Assembly Tools","Software","LN52States","-1","true","Performance","206"
"","Breakdown-Machine","Machine","Conveyors","Electrical","LN52States","-1","true","Performance","207"
"","Breakdown-Machine","Machine","Conveyors","Mechanical","LN52States","-1","true","Performance","208"
"","Breakdown-Machine","Machine","Conveyors","Hydraulic","LN52States","-1","true","Performance","209"
"","Breakdown-Machine","Machine","Conveyors","Pneumatic","LN52States","-1","true","Performance","210"
"","Breakdown-Machine","Machine","Conveyors","Communication","LN52States","-1","true","Performance","212"
"","Breakdown-Machine","Machine","Conveyors","Software","LN52States","-1","true","Performance","213"
"","Breakdown-Machine","Machine","Elevators & Z Loaders","Electrical","LN52States","-1","true","Performance","214"
"","Breakdown-Machine","Machine","Elevators & Z Loaders","Mechanical","LN52States","-1","true","Performance","215"
"","Breakdown-Machine","Machine","Elevators & Z Loaders","Hydraulic","LN52States","-1","true","Performance","216"
"","Breakdown-Machine","Machine","Elevators & Z Loaders","Pneumatic","LN52States","-1","true","Performance","217"
"","Breakdown-Machine","Machine","Elevators & Z Loaders","Communication","LN52States","-1","true","Performance","219"
"","Breakdown-Machine","Machine","Elevators & Z Loaders","Software","LN52States","-1","true","Performance","220"
"","Breakdown-Machine","Machine","Flippers ","Electrical","LN52States","-1","true","Performance","221"
"","Breakdown-Machine","Machine","Flippers ","Mechanical","LN52States","-1","true","Performance","222"
"","Breakdown-Machine","Machine","Flippers ","Hydraulic","LN52States","-1","true","Performance","223"
"","Breakdown-Machine","Machine","Flippers ","Pneumatic","LN52States","-1","true","Performance","224"
"","Breakdown-Machine","Machine","Flippers ","Communication","LN52States","-1","true","Performance","226"
"","Breakdown-Machine","Machine","Flippers ","Software","LN52States","-1","true","Performance","227"
"","Breakdown-Machine","Machine","R600 Charge Cell & Chargeboards","Electrical","LN52States","-1","true","Performance","228"
"","Breakdown-Machine","Machine","R600 Charge Cell & Chargeboards","Mechanical","LN52States","-1","true","Performance","229"
"","Breakdown-Machine","Machine","R600 Charge Cell & Chargeboards","Hydraulic","LN52States","-1","true","Performance","230"
"","Breakdown-Machine","Machine","R600 Charge Cell & Chargeboards","Pneumatic","LN52States","-1","true","Performance","231"
"","Breakdown-Machine","Machine","R600 Charge Cell & Chargeboards","Communication","LN52States","-1","true","Performance","233"
"","Breakdown-Machine","Machine","R600 Charge Cell & Chargeboards","Software","LN52States","-1","true","Performance","234"
"","Breakdown-Machine","Machine","Test Equipment","Electrical","LN52States","-1","true","Performance","235"
"","Breakdown-Machine","Machine","Test Equipment","Mechanical","LN52States","-1","true","Performance","236"
"","Breakdown-Machine","Machine","Test Equipment","Hydraulic","LN52States","-1","true","Performance","237"
"","Breakdown-Machine","Machine","Test Equipment","Pneumatic","LN52States","-1","true","Performance","238"
"","Breakdown-Machine","Machine","Test Equipment","Communication","LN52States","-1","true","Performance","240"
"","Breakdown-Machine","Machine","Test Equipment","Software","LN52States","-1","true","Performance","241"
"","Breakdown-Machine","Machine","Vacuum Loop","Electrical","LN52States","-1","true","Performance","242"
"","Breakdown-Machine","Machine","Vacuum Loop","Mechanical","LN52States","-1","true","Performance","243"
"","Breakdown-Machine","Machine","Vacuum Loop","Hydraulic","LN52States","-1","true","Performance","244"
"","Breakdown-Machine","Machine","Vacuum Loop","Pneumatic","LN52States","-1","true","Performance","245"
"","Breakdown-Machine","Machine","Vacuum Loop","Communication","LN52States","-1","true","Performance","247"
"","Breakdown-Machine","Machine","Vacuum Loop","Software","LN52States","-1","true","Performance","248"
"","Breakdown-Machine","Machine","Kit Loader","Electrical","LN52States","-1","true","Performance","249"
"","Breakdown-Machine","Machine","Kit Loader","Mechanical","LN52States","-1","true","Performance","250"
"","Breakdown-Machine","Machine","Kit Loader","Hydraulic","LN52States","-1","true","Performance","251"
"","Breakdown-Machine","Machine","Kit Loader","Pneumatic","LN52States","-1","true","Performance","252"
"","Breakdown-Machine","Machine","Kit Loader","Communication","LN52States","-1","true","Performance","254"
"","Breakdown-Machine","Machine","Kit Loader","Software","LN52States","-1","true","Performance","255"
"","Breakdown-Machine","Machine","Cab Foam","Electrical","LN52States","-1","true","Performance","256"
"","Breakdown-Machine","Machine","Cab Foam","Mechanical","LN52States","-1","true","Performance","257"
"","Breakdown-Machine","Machine","Cab Foam","Hydraulic","LN52States","-1","true","Performance","258"
"","Breakdown-Machine","Machine","Cab Foam","Pneumatic","LN52States","-1","true","Performance","259"
"","Breakdown-Machine","Machine","Cab Foam","Communication","LN52States","-1","true","Performance","261"
"","Breakdown-Machine","Machine","Cab Foam","Software","LN52States","-1","true","Performance","262"
"","Absenteeism / Turnover","Production","Labor","Shortage- General","LN52States","-1","true","Performance","263"
"","Absenteeism / Turnover","Production","Labor","Shortage due to Weather","LN52States","-1","true","Performance","264"
"","LOQ - Method","Production","Assembly","Workload Balance","LN52States","-1","true","Performance","265"
"","Training","Production","Assembly","Operator Training- Farmed In","LN52States","-1","true","Performance","266"
"","Training","Production","Assembly","Operator Training- New Hire Under 14d","LN52States","-1","true","Performance","267"
"","LOQ - Man","Production","Assembly","Model Change Error","LN52States","-1","true","Performance","268"
"","LOQ - Man","Production","Assembly","Operator Related Error","LN52States","-1","true","Performance","269"
"","Mgmt / Extra time","Production","Assembly","Shift Start Late","LN52States","-1","true","Performance","270"
"","Absenteeism","Production","Assembly","Break Return Late","LN52States","-1","true","Performance","271"
"","Blocked","Production","Blocked","Blocked by Main Line","LN52States","-1","true","Performance","272"
"","Blocked","Production","Blocked","Blocked by Cab Foam","LN52States","-1","true","Performance","273"
"","Blocked","Production","Blocked","Blocked by Foam Inspection","LN52States","-1","true","Performance","274"
"","Blocked","Production","Blocked","Blocked by Clear Pack","LN52States","-1","true","Performance","275"
"","Blocked","Production","Blocked","Blocked by Shipping","LN52States","-1","true","Performance","276"
"","Blocked","Production","Blocked","Blocked by Repair","LN52States","-1","true","Performance","277"
"","Blocked","Production","Blocked","Blocked by R600 Repair","LN52States","-1","true","Performance","278"
"","Starved","Production","Starved by Sub-Assembly","Starved by Pre-Foam","LN52States","-1","true","Performance","279"
"","Starved","Production","Starved by Sub-Assembly","Starved by Compressor Build","LN52States","-1","true","Performance","280"
"","Starved","Production","Starved by Sub-Assembly","Starved by Evaporator Build","LN52States","-1","true","Performance","281"
"","Starved","Production","Starved by Sub-Assembly","Starved by Cab Foam","LN52States","-1","true","Performance","282"
"","Starved","Production","Starved by Sub-Assembly","Starved by Liner Line- Fresh Food","LN52States","-1","true","Performance","283"
"","Starved","Production","Starved by Sub-Assembly","Starved by Liner Line- Freezer","LN52States","-1","true","Performance","284"
"","Starved","Production","Starved by Sub-Assembly","Starved by Door Decouple","LN52States","-1","true","Performance","285"
"","Starved","Production","Starved by Sub-Assembly","Starved by Doll House","LN52States","-1","true","Performance","286"
"","Starved","Production","Starved by Sub-Assembly","Starved by Pre Kit Conveyor","LN52States","-1","true","Performance","287"
"","Starved","Production","Starved by Internal Department","Starved by Cabinets","LN52States","-1","true","Performance","288"
"","Starved","Production","Starved by Internal Department","Starved by Tubing","LN52States","-1","true","Performance","289"
"","Starved","Production","Starved by Internal Department","Starved by Doors","LN52States","-1","true","Performance","290"
"","Starved","Production","Starved by Internal Department","Starved by Print Services","LN52States","-1","true","Performance","291"
"","Starved","Production","Starved by Internal Department","Starved by Pressroom","LN52States","-1","true","Performance","292"
"","Starved","Production","Starved by Internal Department","Starved by Liners & Plastics","LN52States","-1","true","Performance","293"
"","Starved","Production","Starved by Internal Department","Starved by EPS","LN52States","-1","true","Performance","294"
"","Pilot / Test","Production","Engineering","SOP Material Delivery","LN52States","-1","true","Performance","295"
"","Pilot / Test","Production","Engineering","SOP Standard Work","LN52States","-1","true","Performance","296"
"","Pilot / Test","Production","Engineering","SOP Training","LN52States","-1","true","Performance","297"
"","Pilot / Test","Production","Engineering","SOP Testing","LN52States","-1","true","Performance","298"
"","Pilot / Test","Production","Engineering","SOP Tooling & Equipment","LN52States","-1","true","Performance","299"
"","Pilot / Test","Production","Engineering","SOP Quality","LN52States","-1","true","Performance","300"
"","Pilot / Test","Production","Engineering","Trial Run Material Delivery","LN52States","-1","true","Performance","301"
"","Pilot / Test","Production","Engineering","Trial Run Standard Work","LN52States","-1","true","Performance","302"
"","Pilot / Test","Production","Engineering","Trial Run Training","LN52States","-1","true","Performance","303"
"","Pilot / Test","Production","Engineering","Trial Run Testing","LN52States","-1","true","Performance","304"
"","Pilot / Test","Production","Engineering","Trial Run Tooling & Equipment","LN52States","-1","true","Performance","305"
"","Pilot / Test","Production","Engineering","Trial Run Quality","LN52States","-1","true","Performance","306"
"","Safety","Production","Safety","First Aid","LN52States","-1","true","Performance","307"
"","Safety","Production","Safety","Unsafe Condition","LN52States","-1","true","Performance","308"
"","Safety","Production","Safety","Unsafe Acts","LN52States","-1","true","Performance","309"
"","Safety","Production","Safety","Safety Checklist or Audit or Inspection","LN52States","-1","true","Performance","310"
"","Safety","Production","Safety","Heat Break","LN52States","-1","true","Performance","311"
"","Safety","Production","Safety","Safety Training","LN52States","-1","true","Performance","312"
"","Safety","Production","Safety","Safety Drills","LN52States","-1","true","Performance","313"
"","Safety","Production","Safety","Weather Safety Stop","LN52States","-1","true","Performance","314"
"","Safety","Production","Safety","Evacuation","LN52States","-1","true","Performance","315"
"","Safety","Production","Safety","Take Shelter","LN52States","-1","true","Performance","316"
"","Autonomous Maintenance","Production","Planned","Planned AM Maintenance","LN52States","-1","true","Performance","317"
"","Autonomous Maintenance","Production","Planned","Planned PM Maintenance","LN52States","-1","true","Performance","318"
"","Turnover","Production","Planned","Planned Stop- Short Labor","LN52States","-1","true","Performance","319"
"","Management Extra Time","Production","Planned","Town Hall","LN52States","-1","true","Performance","320"
"","Lack of Material","Materials","Material Handling- Internal","Starved by Material Handler","LN52States","-1","true","Performance","321"
"","Lack of Material","Materials","Material Handling- Internal","Starved by Flow Rack Malfunction","LN52States","-1","true","Performance","322"
"","Lack of Material","Materials","Material Handling- Internal","Starved by Material Handling Floater","LN52States","-1","true","Performance","323"
"","Lack of Material","Materials","Material Handling- Internal","Starved by Model Change Timing","LN52States","-1","true","Performance","324"
"","Lack of Material","Materials","Material Handling- Internal","Starved by Mixed Stock","LN52States","-1","true","Performance","325"
"","Lack of Material","Materials","External Shortage","Starved by Supplier","LN52States","-1","true","Performance","326"
"","Lack of Material","Materials","External Shortage","Starved by Mixed Parts","LN52States","-1","true","Performance","327"
"","Lack of Material","Materials","External Shortage","Starved by Backflush","LN52States","-1","true","Performance","328"
"","Lack of Material","Materials","External Shortage","Starved by Wrong Box Quantity","LN52States","-1","true","Performance","329"
"","Unplanned Changeover","Materials","Scheduling","Scheduling Error","LN52States","-1","true","Performance","330"
"","Unplanned Changeover","Materials","Scheduling","Schedule Change","LN52States","-1","true","Performance","331"
"","LOQ - Man","Quality- Assembly","Pre-Foam Liner Assembly (501)","Missing Part or Process","LN52States","-1","true","Performance","332"
"","LOQ - Method","Quality- Assembly","Pre-Foam Liner Assembly (501)","Lack of Method","LN52States","-1","true","Performance","333"
"","LOQ - Man","Quality- Assembly","Pre-Foam Liner Assembly (501)","Out of Specification","LN52States","-1","true","Performance","334"
"","LOQ - Design","Quality- Assembly","Pre-Foam Liner Assembly (501)","Part Design","LN52States","-1","true","Performance","335"
"","LOQ - Man","Quality- Assembly","Pre-Foam Liner Assembly (501)","Scratch","LN52States","-1","true","Performance","336"
"","LOQ - Man","Quality- Assembly","Pre-Foam Liner Assembly (501)","Dent","LN52States","-1","true","Performance","337"
"","LOQ - Man","Quality- Assembly","Pre-Foam Liner Assembly (501)","Caused Foam Leak","LN52States","-1","true","Performance","338"
"","LOQ - Man","Quality- Assembly","Pre-Foam Liner Assembly (501)","Caused Foamed In Part","LN52States","-1","true","Performance","339"
"","LOQ - Man","Quality- Assembly","Pre-Foam Cab Assembly","Missing Part or Process","LN52States","-1","true","Performance","340"
"","LOQ - Method","Quality- Assembly","Pre-Foam Cab Assembly","Lack of Method","LN52States","-1","true","Performance","341"
"","LOQ - Man","Quality- Assembly","Pre-Foam Cab Assembly","Out of Specification","LN52States","-1","true","Performance","342"
"","LOQ - Design","Quality- Assembly","Pre-Foam Cab Assembly","Part Design","LN52States","-1","true","Performance","343"
"","LOQ - Man","Quality- Assembly","Pre-Foam Cab Assembly","Scratch","LN52States","-1","true","Performance","344"
"","LOQ - Man","Quality- Assembly","Pre-Foam Cab Assembly","Dent","LN52States","-1","true","Performance","345"
"","LOQ - Man","Quality- Assembly","Pre-Foam Cab Assembly","Caused Foam Leak","LN52States","-1","true","Performance","346"
"","LOQ - Man","Quality- Assembly","Pre-Foam Cab Assembly","Caused Foamed In Part","LN52States","-1","true","Performance","347"
"","LOQ - Man","Quality- Assembly","Cab Foam","Missing Part or Process","LN52States","-1","true","Performance","348"
"","LOQ - Method","Quality- Assembly","Cab Foam","Lack of Method","LN52States","-1","true","Performance","349"
"","LOQ - Man","Quality- Assembly","Cab Foam","Out of Specification","LN52States","-1","true","Performance","350"
"","LOQ - Design","Quality- Assembly","Cab Foam","Part Design","LN52States","-1","true","Performance","351"
"","LOQ - Man","Quality- Assembly","Cab Foam","Scratch","LN52States","-1","true","Performance","352"
"","LOQ - Man","Quality- Assembly","Cab Foam","Dent","LN52States","-1","true","Performance","353"
"","LOQ - Man","Quality- Assembly","Cab Foam","Caused Foam Leak","LN52States","-1","true","Performance","354"
"","LOQ - Man","Quality- Assembly","Cab Foam","Caused Foamed In Part","LN52States","-1","true","Performance","355"
"","LOQ - Man","Quality- Assembly","Compressor Assembly","Missing Part or Process","LN52States","-1","true","Performance","356"
"","LOQ - Method","Quality- Assembly","Compressor Assembly","Lack of Method","LN52States","-1","true","Performance","357"
"","LOQ - Man","Quality- Assembly","Compressor Assembly","Out of Specification","LN52States","-1","true","Performance","358"
"","LOQ - Design","Quality- Assembly","Compressor Assembly","Part Design","LN52States","-1","true","Performance","359"
"","LOQ - Man","Quality- Assembly","Compressor Assembly","Scratch","LN52States","-1","true","Performance","360"
"","LOQ - Man","Quality- Assembly","Compressor Assembly","Dent","LN52States","-1","true","Performance","361"
"","LOQ - Man","Quality- Assembly","Backside Assembly","Missing Part or Process","LN52States","-1","true","Performance","362"
"","LOQ - Method","Quality- Assembly","Backside Assembly","Lack of Method","LN52States","-1","true","Performance","363"
"","LOQ - Man","Quality- Assembly","Backside Assembly","Out of Specification","LN52States","-1","true","Performance","364"
"","LOQ - Design","Quality- Assembly","Backside Assembly","Part Design","LN52States","-1","true","Performance","365"
"","LOQ - Man","Quality- Assembly","Backside Assembly","Scratch","LN52States","-1","true","Performance","366"
"","LOQ - Man","Quality- Assembly","Backside Assembly","Dent","LN52States","-1","true","Performance","367"
"","LOQ - Man","Quality- Assembly","Freezer 1 & 2 Assembly","Missing Part or Process","LN52States","-1","true","Performance","368"
"","LOQ - Method","Quality- Assembly","Freezer 1 & 2 Assembly","Lack of Method","LN52States","-1","true","Performance","369"
"","LOQ - Man","Quality- Assembly","Freezer 1 & 2 Assembly","Out of Specification","LN52States","-1","true","Performance","370"
"","LOQ - Design","Quality- Assembly","Freezer 1 & 2 Assembly","Part Design","LN52States","-1","true","Performance","371"
"","LOQ - Man","Quality- Assembly","Freezer 1 & 2 Assembly","Scratch","LN52States","-1","true","Performance","372"
"","LOQ - Man","Quality- Assembly","Freezer 1 & 2 Assembly","Dent","LN52States","-1","true","Performance","373"
"","LOQ - Man","Quality- Assembly","Pantry Assembly","Missing Part or Process","LN52States","-1","true","Performance","374"
"","LOQ - Method","Quality- Assembly","Pantry Assembly","Lack of Method","LN52States","-1","true","Performance","375"
"","LOQ - Man","Quality- Assembly","Pantry Assembly","Out of Specification","LN52States","-1","true","Performance","376"
"","LOQ - Design","Quality- Assembly","Pantry Assembly","Part Design","LN52States","-1","true","Performance","377"
"","LOQ - Man","Quality- Assembly","Pantry Assembly","Scratch","LN52States","-1","true","Performance","378"
"","LOQ - Man","Quality- Assembly","Pantry Assembly","Dent","LN52States","-1","true","Performance","379"
"","LOQ - Man","Quality- Assembly","Door Line & Door Decouple","Missing Part or Process","LN52States","-1","true","Performance","380"
"","LOQ - Method","Quality- Assembly","Door Line & Door Decouple","Lack of Method","LN52States","-1","true","Performance","381"
"","LOQ - Man","Quality- Assembly","Door Line & Door Decouple","Out of Specification","LN52States","-1","true","Performance","382"
"","LOQ - Design","Quality- Assembly","Door Line & Door Decouple","Part Design","LN52States","-1","true","Performance","383"
"","LOQ - Man","Quality- Assembly","Door Line & Door Decouple","Scratch","LN52States","-1","true","Performance","384"
"","LOQ - Man","Quality- Assembly","Door Line & Door Decouple","Dent","LN52States","-1","true","Performance","385"
"","LOQ - Man","Quality- Internal Dept.","Cabinets (CVS)","Missing Part or Process","LN52States","-1","true","Performance","386"
"","LOQ - Machine","Quality- Internal Dept.","Cabinets (CVS)","Out of Specification","LN52States","-1","true","Performance","387"
"","LOQ - Man","Quality- Internal Dept.","Cabinets (CVS)","Scratch","LN52States","-1","true","Performance","388"
"","LOQ - Man","Quality- Internal Dept.","Cabinets (CVS)","Dent","LN52States","-1","true","Performance","389"
"","LOQ - Man","Quality- Internal Dept.","Cabinets (CVS)","Contamination","LN52States","-1","true","Performance","390"
"","LOQ - Man","Quality- Internal Dept.","Doors (DVS)","Missing Part or Process","LN52States","-1","true","Performance","391"
"","LOQ - Machine","Quality- Internal Dept.","Doors (DVS)","Out of Specification","LN52States","-1","true","Performance","392"
"","LOQ - Man","Quality- Internal Dept.","Doors (DVS)","Scratch","LN52States","-1","true","Performance","393"
"","LOQ - Man","Quality- Internal Dept.","Doors (DVS)","Dent","LN52States","-1","true","Performance","394"
"","LOQ - Man","Quality- Internal Dept.","Doors (DVS)","Contamination","LN52States","-1","true","Performance","395"
"","LOQ - Man","Quality- Internal Dept.","Plastics (CVS)","Missing Part or Process","LN52States","-1","true","Performance","396"
"","LOQ - Machine","Quality- Internal Dept.","Plastics (CVS)","Out of Specification","LN52States","-1","true","Performance","397"
"","LOQ - Man","Quality- Internal Dept.","Plastics (CVS)","Scratch","LN52States","-1","true","Performance","398"
"","LOQ - Man","Quality- Internal Dept.","Plastics (CVS)","Dent","LN52States","-1","true","Performance","399"
"","LOQ - Man","Quality- Internal Dept.","Plastics (CVS)","Contamination","LN52States","-1","true","Performance","400"
"","LOQ - Man","Quality- Internal Dept.","Plastics (CVS)","Cracked","LN52States","-1","true","Performance","401"
"","LOQ - Machine","Quality- Internal Dept.","Plastics (CVS)","Thin","LN52States","-1","true","Performance","402"
"","LOQ - Machine","Quality- Internal Dept.","Plastics (CVS)","Creased","LN52States","-1","true","Performance","403"
"","LOQ - Man","Quality- Internal Dept.","Plastics (CVS)","Bowed","LN52States","-1","true","Performance","404"
"","LOQ - Machine","Quality- Internal Dept.","Press Room & Backshop (931)","Out of Specification","LN52States","-1","true","Performance","405"
"","LOQ - Man","Quality- Internal Dept.","Press Room & Backshop (931)","Scratch","LN52States","-1","true","Performance","406"
"","LOQ - Man","Quality- Internal Dept.","Press Room & Backshop (931)","Dent","LN52States","-1","true","Performance","407"
"","LOQ - Man","Quality- Internal Dept.","Press Room & Backshop (931)","Contamination","LN52States","-1","true","Performance","408"
"","LOQ - Machine","Quality- Internal Dept.","Powder Coat","Out of Specification","LN52States","-1","true","Performance","409"
"","LOQ - Man","Quality- Internal Dept.","Powder Coat","Scratch","LN52States","-1","true","Performance","410"
"","LOQ - Man","Quality- Internal Dept.","Powder Coat","Dent","LN52States","-1","true","Performance","411"
"","LOQ - Machine","Quality- Internal Dept.","Powder Coat","Contamination","LN52States","-1","true","Performance","412"
"","LOQ - Material","Quality- Internal Dept.","External - Vendor Supplied","Missing Part or Process","LN52States","-1","true","Performance","413"
"","LOQ - Material","Quality- Internal Dept.","External - Vendor Supplied","Out of Specification","LN52States","-1","true","Performance","414"
"","LOQ - Material","Quality- Internal Dept.","External - Vendor Supplied","Scratch","LN52States","-1","true","Performance","415"
"","LOQ - Material","Quality- Internal Dept.","External - Vendor Supplied","Dent","LN52States","-1","true","Performance","416"
"","LOQ - Material","Quality- Internal Dept.","External - Vendor Supplied","Contamination","LN52States","-1","true","Performance","417"
"","LOQ - Material","Quality- Internal Dept.","External - Vendor Supplied","Foamed In Part due to Supplier","LN52States","-1","true","Performance","418"
"","LOQ - Man","Quality- Internal Dept.","Tubing","Contamination","LN52States","-1","true","Performance","419"
"","LOQ - Machine","Quality- Internal Dept.","Tubing","Out of Specification","LN52States","-1","true","Performance","420"
"","LOQ - Man","Quality- Internal Dept.","Tubing","Poor Welding","LN52States","-1","true","Performance","421"
"","LOQ - Machine","Quality- Internal Dept.","EPS","Contamination","LN52States","-1","true","Performance","422"
"","LOQ - Machine","Quality- Internal Dept.","EPS","Out of Specification","LN52States","-1","true","Performance","423"
"","LOQ - Machine","Quality- Internal Dept.","EPS","Poor Formation","LN52States","-1","true","Performance","424"
"","Energy","Production","Facilities","Power Outage","LN52States","-1","true","Performance","500"
"","Planned Downtime","Production","Planned","Breaks","LN52States","-1","true","Planned","730"
"","LODESTAR_TEST","Production","Planned","LODESTAR_TEST","LN52States","-1","true","Planned","999"
"","SCHEDULED RUN (OFF AT PANEL)","","","","LN52states","-1","False","Performance","17"
"","SCHEDULED RUN (OFF AT PANEL)","","","","LN52states","-1","False","Performance","18"
"","SCHEDULED RUN (OFF AT PANEL)","","","","LN52states","-1","False","Performance","19"
"","Conveyor VFD 1 Faulted","","","","LN52states","-1","False","Performance","1001"
"","Conveyor VFD 1 Faulted","","","","LN52states","-1","False","Performance","1002"
"","PROCESS FAULT - AGC 1","","","","LN52states","-1","False","Performance","1003"
"","PROCESS FAULT - AGC 2","","","","LN52states","-1","False","Performance","1004"
"","PROCESS FAULT - AGC 3","","","","LN52states","-1","False","Performance","1005"
"","PROCESS FAULT - AGC 4","","","","LN52states","-1","False","Performance","1006"
"","PROCESS FAULT - AGC 5","","","","LN52states","-1","False","Performance","1007"
"","PROCESS FAULT - AGC 6","","","","LN52states","-1","False","Performance","1008"
"","PROCESS FAULT - AGC 7","","","","LN52states","-1","False","Performance","1009"
"","PROCESS FAULT - AGC 8","","","","LN52states","-1","False","Performance","1010"
"","PROCESS FAULT - AGC 9","","","","LN52states","-1","False","Performance","1011"
"","PROCESS FAULT - AGC 10","","","","LN52states","-1","False","Performance","1012"
"","PROCESS FAULT - AGC 11","","","","LN52states","-1","False","Performance","1013"
"","PROCESS FAULT - AGC 12","","","","LN52states","-1","False","Performance","1014"
"","PROCESS FAULT - AGC 13","","","","LN52states","-1","False","Performance","1015"
"","PROCESS FAULT - AGC 14","","","","LN52states","-1","False","Performance","1016"
"","INVALID RUN MODE SELECTED","","","","LN52states","-1","False","Performance","1017"
"","ELEC FAULT - STA 41","","","","LN52states","-1","False","Performance","1018"
"","ELEC FAULT - STA 11","","","","LN52states","-1","False","Performance","1019"
"","ELEC FAULT - STA 31","","","","LN52states","-1","False","Performance","1020"
"","ELEC FAULT - STA 32","","","","LN52states","-1","False","Performance","1021"
"","ELEC FAULT - STA 12","","","","LN52states","-1","False","Performance","1022"
"","ELEC FAULT - STA 42","","","","LN52states","-1","False","Performance","1023"
"","ELEC FAULT - STA 43","","","","LN52states","-1","False","Performance","1024"
"","ELEC FAULT - STA 13","","","","LN52states","-1","False","Performance","1025"
"","ELEC FAULT - STA 33","","","","LN52states","-1","False","Performance","1026"
"","ELEC FAULT - STA 34","","","","LN52states","-1","False","Performance","1027"
"","ELEC FAULT - STA 14","","","","LN52states","-1","False","Performance","1028"
"","ELEC FAULT - STA 44","","","","LN52states","-1","False","Performance","1029"
"","ELEC FAULT - STA 45","","","","LN52states","-1","False","Performance","1030"
"","ELEC FAULT - STA 15","","","","LN52states","-1","False","Performance","1031"
"","ELEC FAULT - STA 35","","","","LN52states","-1","False","Performance","1032"
"","ELEC FAULT - STA 36","","","","LN52states","-1","False","Performance","1033"
"","ELEC FAULT - STA 16","","","","LN52states","-1","False","Performance","1034"
"","ELEC FAULT - STA 46","","","","LN52states","-1","False","Performance","1035"
"","ELEC FAULT - STA 47","","","","LN52states","-1","False","Performance","1036"
"","ELEC FAULT - STA 17","","","","LN52states","-1","False","Performance","1037"
"","ELEC FAULT - STA 37","","","","LN52states","-1","False","Performance","1038"
"","ELEC FAULT - STA 38","","","","LN52states","-1","False","Performance","1039"
"","ELEC FAULT - STA 18","","","","LN52states","-1","False","Performance","1040"
"","ELEC FAULT - STA 48","","","","LN52states","-1","False","Performance","1041"
"","ELEC FAULT - STA 49","","","","LN52states","-1","False","Performance","1042"
"","ELEC FAULT - STA 19","","","","LN52states","-1","False","Performance","1043"
"","ELEC FAULT - STA 39","","","","LN52states","-1","False","Performance","1044"
"","ELEC FAULT - STA 40","","","","LN52states","-1","False","Performance","1045"
"","ELEC FAULT - STA 20","","","","LN52states","-1","False","Performance","1046"
"","ELEC FAULT - STA 50","","","","LN52states","-1","False","Performance","1047"
"","ELEC FAULT - STA 51","","","","LN52states","-1","False","Performance","1048"
"","ELEC FAULT - STA 21","","","","LN52states","-1","False","Performance","1049"
"","ELEC FAULT - REPAIR IN","","","","LN52states","-1","False","Performance","1050"
"","ELEC FAULT - REPAIR OUT","","","","LN52states","-1","False","Performance","1051"
"","ELEC FAULT - STA 22","","","","LN52states","-1","False","Performance","1052"
"","ELEC FAULT - STA 52","","","","LN52states","-1","False","Performance","1053"
"","ELEC FAULT - STA 53","","","","LN52states","-1","False","Performance","1054"
"","ELEC FAULT - STA 23","","","","LN52states","-1","False","Performance","1055"
"","ELEC FAULT - TCI","","","","LN52states","-1","False","Performance","1056"
"","ELEC FAULT - STA 24","","","","LN52states","-1","False","Performance","1057"
"","ELEC FAULT - STA 54","","","","LN52states","-1","False","Performance","1058"
"","ELEC FAULT - STA 55","","","","LN52states","-1","False","Performance","1059"
"","ELEC FAULT - STA 25","","","","LN52states","-1","False","Performance","1060"
"","ELEC FAULT - STA 26","","","","LN52states","-1","False","Performance","1061"
"","ELEC FAULT - STA 56","","","","LN52states","-1","False","Performance","1062"
"","ELEC FAULT - STA 57","","","","LN52states","-1","False","Performance","1063"
"","ELEC FAULT - STA 27","","","","LN52states","-1","False","Performance","1064"
"","ELEC FAULT - STA 28","","","","LN52states","-1","False","Performance","1065"
"","ELEC FAULT - STA 58","","","","LN52states","-1","False","Performance","1066"
"","ELEC FAULT - STA 59","","","","LN52states","-1","False","Performance","1067"
"","ELEC FAULT - STA 29","","","","LN52states","-1","False","Performance","1068"
"","ELEC FAULT - STA 30","","","","LN52states","-1","False","Performance","1069"
"","ELEC FAULT - STA 60","","","","LN52states","-1","False","Performance","1070"
"","ELEC FAULT - REPAIR IN/OUT","","","","LN52states","-1","False","Performance","1071"
"","PROCESS FAULT - LOAD STA","","","","LN52states","-1","False","Performance","1072"
"","PROCESS FAULT - VISION STA","","","","LN52states","-1","False","Performance","1073"
"","PROCESS FAULT - STA 1","","","","LN52states","-1","False","Performance","1074"
"","PROCESS FAULT - STA 2","","","","LN52states","-1","False","Performance","1075"
"","PROCESS FAULT - STA 3","","","","LN52states","-1","False","Performance","1076"
"","PROCESS FAULT - STA 4","","","","LN52states","-1","False","Performance","1077"
"","PROCESS FAULT - STA 5","","","","LN52states","-1","False","Performance","1078"
"","PROCESS FAULT - STA 6","","","","LN52states","-1","False","Performance","1079"
"","PROCESS FAULT - STA 7","","","","LN52states","-1","False","Performance","1080"
"","PROCESS FAULT - UNLOAD","","","","LN52states","-1","False","Performance","1081"
"","PROCESS FAULT - LOAD HLDBACK","","","","LN52states","-1","False","Performance","1082"
"","PROCESS FAULT - VISION HLDBACK","","","","LN52states","-1","False","Performance","1083"
"","NO PART AT STA 1 HOLDBACK","","","","LN52states","-1","False","Performance","1084"
"","PROCESS FAULT - UNLOAD HLDBACK","","","","LN52states","-1","False","Performance","1085"
"","ESTOP - AGC 1","","","","LN52states","-1","False","Performance","1086"
"","ESTOP - AGC 2","","","","LN52states","-1","False","Performance","1087"
"","ESTOP - AGC 3","","","","LN52states","-1","False","Performance","1088"
"","ESTOP - AGC 4","","","","LN52states","-1","False","Performance","1089"
"","ESTOP - AGC 5","","","","LN52states","-1","False","Performance","1090"
"","ESTOP - AGC 6","","","","LN52states","-1","False","Performance","1091"
"","ESTOP - AGC 7","","","","LN52states","-1","False","Performance","1092"
"","ESTOP - AGC 8","","","","LN52states","-1","False","Performance","1093"
"","ESTOP - AGC 9","","","","LN52states","-1","False","Performance","1094"
"","ESTOP - AGC 10","","","","LN52states","-1","False","Performance","1095"
"","ESTOP - AGC 11","","","","LN52states","-1","False","Performance","1096"
"","ESTOP - AGC 12","","","","LN52states","-1","False","Performance","1097"
"","ESTOP - AGC 13","","","","LN52states","-1","False","Performance","1098"
"","ESTOP - AGC 14","","","","LN52states","-1","False","Performance","1099"
"","SEND AGC 1 TO MAINT","","","","LN52states","-1","False","Performance","1100"
"","SEND AGC 2 TO MAINT","","","","LN52states","-1","False","Performance","1101"
"","SEND AGC 3 TO MAINT","","","","LN52states","-1","False","Performance","1102"
"","SEND AGC 4 TO MAINT","","","","LN52states","-1","False","Performance","1103"
"","SEND AGC 5 TO MAINT","","","","LN52states","-1","False","Performance","1104"
"","SEND AGC 6 TO MAINT","","","","LN52states","-1","False","Performance","1105"
"","SEND AGC 7 TO MAINT","","","","LN52states","-1","False","Performance","1106"
"","SEND AGC 8 TO MAINT","","","","LN52states","-1","False","Performance","1107"
"","SEND AGC 9 TO MAINT","","","","LN52states","-1","False","Performance","1108"
"","SEND AGC 10 TO MAINT","","","","LN52states","-1","False","Performance","1109"
"","SEND AGC 11 TO MAINT","","","","LN52states","-1","False","Performance","1110"
"","SEND AGC 12 TO MAINT","","","","LN52states","-1","False","Performance","1111"
"","SEND AGC 13 TO MAINT","","","","LN52states","-1","False","Performance","1112"
"","SEND AGC 14 TO MAINT","","","","LN52states","-1","False","Performance","1113"
"","BLOCKED - AGC 1","","","","LN52states","-1","False","Performance","2001"
"","BLOCKED - AGC 2","","","","LN52states","-1","False","Performance","2002"
"","BLOCKED - AGC 3","","","","LN52states","-1","False","Performance","2003"
"","BLOCKED - AGC 4","","","","LN52states","-1","False","Performance","2004"
"","BLOCKED - AGC 5","","","","LN52states","-1","False","Performance","2005"
"","BLOCKED - AGC 6","","","","LN52states","-1","False","Performance","2006"
"","BLOCKED - AGC 7","","","","LN52states","-1","False","Performance","2007"
"","BLOCKED - AGC 8","","","","LN52states","-1","False","Performance","2008"
"","BLOCKED - AGC 9","","","","LN52states","-1","False","Performance","2009"
"","BLOCKED - AGC 10","","","","LN52states","-1","False","Performance","2010"
"","BLOCKED - AGC 11","","","","LN52states","-1","False","Performance","2011"
"","BLOCKED - AGC 12","","","","LN52states","-1","False","Performance","2012"
"","BLOCKED - AGC 13","","","","LN52states","-1","False","Performance","2013"
"","BLOCKED - AGC 14","","","","LN52states","-1","False","Performance","2014"
"","MECH FAULT - STA 41","","","","LN52states","-1","False","Performance","2015"
"","MECH FAULT - STA 11","","","","LN52states","-1","False","Performance","2016"
"","MECH FAULT - STA 31","","","","LN52states","-1","False","Performance","2017"
"","MECH FAULT - STA 32","","","","LN52states","-1","False","Performance","2018"
"","MECH FAULT - STA 12","","","","LN52states","-1","False","Performance","2019"
"","MECH FAULT - STA 42","","","","LN52states","-1","False","Performance","2020"
"","MECH FAULT - STA 43","","","","LN52states","-1","False","Performance","2021"
"","MECH FAULT - STA 13","","","","LN52states","-1","False","Performance","2022"
"","MECH FAULT - STA 33","","","","LN52states","-1","False","Performance","2023"
"","MECH FAULT - STA 34","","","","LN52states","-1","False","Performance","2024"
"","MECH FAULT - STA 14","","","","LN52states","-1","False","Performance","2025"
"","MECH FAULT - STA 44","","","","LN52states","-1","False","Performance","2026"
"","MECH FAULT - STA 45","","","","LN52states","-1","False","Performance","2027"
"","MECH FAULT - STA 15","","","","LN52states","-1","False","Performance","2028"
"","MECH FAULT - STA 35","","","","LN52states","-1","False","Performance","2029"
"","MECH FAULT - STA 36","","","","LN52states","-1","False","Performance","2030"
"","MECH FAULT - STA 16","","","","LN52states","-1","False","Performance","2031"
"","MECH FAULT - STA 46","","","","LN52states","-1","False","Performance","2032"
"","MECH FAULT - STA 47","","","","LN52states","-1","False","Performance","2033"
"","MECH FAULT - STA 17","","","","LN52states","-1","False","Performance","2034"
"","MECH FAULT - STA 37","","","","LN52states","-1","False","Performance","2035"
"","MECH FAULT - STA 38","","","","LN52states","-1","False","Performance","2036"
"","MECH FAULT - STA 18","","","","LN52states","-1","False","Performance","2037"
"","MECH FAULT - STA 48","","","","LN52states","-1","False","Performance","2038"
"","MECH FAULT - STA 49","","","","LN52states","-1","False","Performance","2039"
"","MECH FAULT - STA 19","","","","LN52states","-1","False","Performance","2040"
"","MECH FAULT - STA 39","","","","LN52states","-1","False","Performance","2041"
"","MECH FAULT - STA 40","","","","LN52states","-1","False","Performance","2042"
"","MECH FAULT - STA 20","","","","LN52states","-1","False","Performance","2043"
"","MECH FAULT - STA 50","","","","LN52states","-1","False","Performance","2044"
"","MECH FAULT - STA 51","","","","LN52states","-1","False","Performance","2045"
"","MECH FAULT - STA 21","","","","LN52states","-1","False","Performance","2046"
"","MECH FAULT - REPAIR IN","","","","LN52states","-1","False","Performance","2047"
"","MECH FAULT - REPAIR OUT","","","","LN52states","-1","False","Performance","2048"
"","MECH FAULT - STA 22","","","","LN52states","-1","False","Performance","2049"
"","MECH FAULT - STA 52","","","","LN52states","-1","False","Performance","2050"
"","MECH FAULT - STA 53","","","","LN52states","-1","False","Performance","2051"
"","MECH FAULT - STA 23","","","","LN52states","-1","False","Performance","2052"
"","MECH FAULT TCI","","","","LN52states","-1","False","Performance","2053"
"","MECH FAULT - STA 24","","","","LN52states","-1","False","Performance","2054"
"","MECH FAULT - STA 54","","","","LN52states","-1","False","Performance","2055"
"","MECH FAULT - STA 55","","","","LN52states","-1","False","Performance","2056"
"","MECH FAULT - STA 25","","","","LN52states","-1","False","Performance","2057"
"","MECH FAULT - STA 26","","","","LN52states","-1","False","Performance","2058"
"","MECH FAULT - STA 56","","","","LN52states","-1","False","Performance","2059"
"","MECH FAULT - STA 57","","","","LN52states","-1","False","Performance","2060"
"","MECH FAULT - STA 27","","","","LN52states","-1","False","Performance","2061"
"","MECH FAULT - STA 28","","","","LN52states","-1","False","Performance","2062"
"","MECH FAULT - STA 58","","","","LN52states","-1","False","Performance","2063"
"","MECH FAULT - STA 59","","","","LN52states","-1","False","Performance","2064"
"","MECH FAULT - STA 29","","","","LN52states","-1","False","Performance","2065"
"","MECH FAULT - STA 30","","","","LN52states","-1","False","Performance","2066"
"","MECH FAULT - STA 60","","","","LN52states","-1","False","Performance","2067"
"","MECH FAULT - REPAIR IN/OUT","","","","LN52states","-1","False","Performance","2068"
"","STA 11 SAFETY SCANNER","","","","LN52states","-1","False","Performance","2069"
"","STA 24 SAFETY SCANNER","","","","LN52states","-1","False","Performance","2070"
"","STA 28 SAFETY SCANNER","","","","LN52states","-1","False","Performance","2071"
"","COM FAULT - CONV ZONE 1","","","","LN52states","-1","False","Performance","5001"
"","COM FAULT - CONV ZONE 3","","","","LN52states","-1","False","Performance","5002"
"","COM FAULT - AGC 1","","","","LN52states","-1","False","Performance","5003"
"","COM FAULT - CONV ZONE 2","","","","LN52states","-1","False","Performance","5004"
"","COM FAULT - AGC 2","","","","LN52states","-1","False","Performance","5005"
"","COM FAULT - AGC 3","","","","LN52states","-1","False","Performance","5006"
"","COM FAULT - AGC 4","","","","LN52states","-1","False","Performance","5007"
"","COM FAULT - AGC 5","","","","LN52states","-1","False","Performance","5008"
"","COM FAULT - AGC 6","","","","LN52states","-1","False","Performance","5009"
"","COM FAULT - AGC 7","","","","LN52states","-1","False","Performance","5010"
"","COM FAULT - AGC 8","","","","LN52states","-1","False","Performance","5011"
"","COM FAULT - AGC 9","","","","LN52states","-1","False","Performance","5012"
"","COM FAULT - AGC 10","","","","LN52states","-1","False","Performance","5013"
"","COM FAULT - AGC 11","","","","LN52states","-1","False","Performance","5014"
"","COM FAULT - AGC 12","","","","LN52states","-1","False","Performance","5015"
"","COM FAULT - AGC 13","","","","LN52states","-1","False","Performance","5016"
"","COM FAULT - AGC 14","","","","LN52states","-1","False","Performance","5017"
"","COM FAULT - PLC CARDS","","","","LN52states","-1","False","Performance","5018"
"","COM FAULT - L51POSTFOAM PLC","","","","LN52states","-1","False","Performance","5019"
"","COM FAULT - L52CONV PLC","","","","LN52states","-1","False","Performance","5020"
"","COM FAULT - EFLEX","","","","LN52states","-1","False","Performance","5021"
"","COM FAULT - SAM","","","","LN52states","-1","False","Performance","5022"
"","COM FAULT - EFLEX MODULE","","","","LN52states","-1","False","Performance","5023"
"","STARVED- LOAD STA.","","","","LN52states","-1","False","Performance","10001"
"","ZONE 3 BLOCKED BY PICKUP","","","","LN52states","-1","False","Performance","10002"
"","CONV ZONE 1 BLOCKED BY TCI","","","","LN52states","-1","False","Performance","10003"
"","BLOCKED BY CONV ZONE 3","","","","LN52states","-1","False","Performance","10004"
"","STARVED - VISION STA.","","","","LN52states","-1","False","Performance","10005"
"","STARVED- STA 1","","","","LN52states","-1","False","Performance","10006"
"","STARVED- STA 2","","","","LN52states","-1","False","Performance","10007"
"","STARVED- STA 3","","","","LN52states","-1","False","Performance","10008"
"","STARVED- STA 4","","","","LN52states","-1","False","Performance","10009"
"","STARVED- STA 5","","","","LN52states","-1","False","Performance","10010"
"","STARVED- STA 6","","","","LN52states","-1","False","Performance","10011"
"","STARVED- STA 7","","","","LN52states","-1","False","Performance","10012"
"","STARVED - UNLOAD STA","","","","LN52states","-1","False","Performance","10013"
"","STA 11 BLOCKED BY CHRG STA","","","","LN52states","-1","False","Performance","10014"
"","STA 41 BLOCKED - REPAIR/CV3","","","","LN52states","-1","False","Performance","10015"
"","STA 31 BLOCKED BY REPAIR","","","","LN52states","-1","False","Performance","10016"
"","STA 32 BLOCKED BY REPAIR","","","","LN52states","-1","False","Performance","10017"
"","STA 42 BLOCKED BY REPAIR","","","","LN52states","-1","False","Performance","10018"
"","STA 33 BLOCKED BY TCI","","","","LN52states","-1","False","Performance","10019"
"","CHRG STA BLOCKED BY STA 24","","","","LN52states","-1","False","Performance","10020"
"","CHRG STA BLOCKED BY STA 24","","","","LN52states","-1","False","Performance","10021"
"","TCI BLOCKED - REPAIR / CV3","","","","LN52states","-1","False","Performance","10022"
"","STA 24 BLOCKED BY STA 28","","","","LN52states","-1","False","Performance","10023"
"","STA 56 BLOCKED BY PICKUP","","","","LN52states","-1","False","Performance","10024"
"","WAITING ON PICKUP @ EOL","","","","LN52states","-1","False","Performance","10025"
"","STA 28 BLOCKED BY TCI","","","","LN52states","-1","False","Performance","10026"
"","CONV ZONE 1 BLOCKED BY TCI","","","","LN52states","-1","False","Performance","10027"
"","CONV ZONE 1 STARVED BY AGC","","","","LN52states","-1","False","Performance","10028"
"","ZONE 3 STARVED BY TCI","","","","LN52states","-1","False","Performance","10029"
"","STARVED BY CONV ZONE 1","","","","LN52states","-1","False","Performance","10030"
"","TCI ZONE STARVED","","","","LN52states","-1","False","Performance","10031"
"","CONV ZONE 3 STARVED","","","","LN52states","-1","False","Performance","10032"
"","CONV ZONE 1 STARVED","","","","LN52states","-1","False","Performance","10033"
"","STA 11 STARVED BY AGC ZONE","","","","LN52states","-1","False","Performance","10034"
"","STA 41 STARVED BY TCI","","","","LN52states","-1","False","Performance","10035"
"","STA 31 STARVED BY CONV ZONE 1","","","","LN52states","-1","False","Performance","10036"
"","STA 47 STARVED BY TCI","","","","LN52states","-1","False","Performance","10037"
"","CHARGE STA STARVED BY TIPUP","","","","LN52states","-1","False","Performance","10038"
"","STA 24 STARVED BY CHRG STA","","","","LN52states","-1","False","Performance","10039"
"","STA 28 STARVED BY STA 24","","","","LN52states","-1","False","Performance","10040"
"","BLOCKED - LOAD STA","","","","LN52states","-1","False","Performance","11001"
"","BLOCKED - VISION STA","","","","LN52states","-1","False","Performance","11002"
"","BLOCKED- STA 1","","","","LN52states","-1","False","Performance","11003"
"","BLOCKED- STA 2","","","","LN52states","-1","False","Performance","11004"
"","BLOCKED- STA 3","","","","LN52states","-1","False","Performance","11005"
"","BLOCKED- STA 4","","","","LN52states","-1","False","Performance","11006"
"","BLOCKED- STA 5","","","","LN52states","-1","False","Performance","11007"
"","BLOCKED- STA 6","","","","LN52states","-1","False","Performance","11008"
"","BLOCKED- STA 7","","","","LN52states","-1","False","Performance","11009"
"","BLOCKED - UNLOAD STA","","","","LN52states","-1","False","Performance","11010"
"","BLOCKED - MAINT. STA","","","","LN52states","-1","False","Performance","11011"
"","ZONE DOWN - LOAD STA","","","","LN52states","-1","False","Performance","12001"
"","HELP CALL - STA 11","","","","LN52states","-1","False","Performance","12002"
"","HELP CALL - STA 47","","","","LN52states","-1","False","Performance","12003"
"","HELP CALL - STA 40 TCI","","","","LN52states","-1","False","Performance","12004"
"","HELP CALL - STA 51","","","","LN52states","-1","False","Performance","12005"
"","HELP CALL - CHARGE STA","","","","LN52states","-1","False","Performance","12006"
"","ZONE DOWN - VISION STA","","","","LN52states","-1","False","Performance","12007"
"","ZONE DOWN - STA 1","","","","LN52states","-1","False","Performance","12008"
"","HELP CALL - STA 24","","","","LN52states","-1","False","Performance","12009"
"","HELP CALL - STA 55","","","","LN52states","-1","False","Performance","12010"
"","HELP CALL - STA 28","","","","LN52states","-1","False","Performance","12011"
"","ZONE DOWN - STA 2","","","","LN52states","-1","False","Performance","12012"
"","ZONE DOWN - STA 2 SUB-ASM","","","","LN52states","-1","False","Performance","12013"
"","ZONE DOWN - STA 4","","","","LN52states","-1","False","Performance","12014"
"","ZONE DOWN - STA 5","","","","LN52states","-1","False","Performance","12015"
"","ZONE DOWN - STA 6","","","","LN52states","-1","False","Performance","12016"
"","ZONE DOWN - STA 7","","","","LN52states","-1","False","Performance","12017"
"","ZONE DOWN - UNLOAD STA","","","","LN52states","-1","False","Performance","12018"
"","ZONE DOWN - STA 3","","","","LN52states","-1","False","Performance","12019"
"","ZONE DOWN - STA 4-5 SUB-ASM","","","","LN52states","-1","False","Performance","12020"
"","NO UNIT AT POST FOAM ","","","","LN52states","-1","False","Performance","12021"
"","BLOCKED BY CONVEYOR ZONE 1","","","","LN52states","-1","False","Performance","12022"
"","BARCODE NOT VALID - LOAD STA","","","","LN52states","-1","False","Performance","12023"
"","STA 11 ANDON PAST TAKT","","","","LN52states","-1","False","Performance","12024"
"","STATION DOWN - STA 47","","","","LN52states","-1","False","Performance","12025"
"","STA 40 TCI ANDON PAST TAKT","","","","LN52states","-1","False","Performance","12026"
"","STATION DOWN - STA 51","","","","LN52states","-1","False","Performance","12027"
"","CHRG STA ANDON PAST TAKT","","","","LN52states","-1","False","Performance","12028"
"","STA 24 ANDON PAST TAKT","","","","LN52states","-1","False","Performance","12029"
"","STATION DOWN - STA 55","","","","LN52states","-1","False","Performance","12030"
"","STA 28 ANDON PAST TAKT","","","","LN52states","-1","False","Performance","12031"
"","CYCLE STOP - STA 11","","","","LN52states","-1","False","Performance","12032"
"","CYCLE STOP - STA 47","","","","LN52states","-1","False","Performance","12033"
"","NOT COMPLETE - LOAD STA","","","","LN52states","-1","False","Performance","12034"
"","CYCLE STOP - STA 40 TCI","","","","LN52states","-1","False","Performance","12035"
"","NOT COMPLETE VISION STA","","","","LN52states","-1","False","Performance","12036"
"","CYCLE STOP- STA 51","","","","LN52states","-1","False","Performance","12037"
"","CYCLE STOP - CHARGE STA","","","","LN52states","-1","False","Performance","12038"
"","CYCLE STOP - STA 24","","","","LN52states","-1","False","Performance","12039"
"","CYCLE STOP - STA 55","","","","LN52states","-1","False","Performance","12040"
"","STATION 1 NOT COMPLETE","","","","LN52states","-1","False","Performance","12041"
"","STATION 2 NOT COMPLETE","","","","LN52states","-1","False","Performance","12042"
"","CYCLE STOP - STA 28","","","","LN52states","-1","False","Performance","12043"
"","STATION 3 NOT COMPLETE","","","","LN52states","-1","False","Performance","12044"
"","STATION 4 NOT COMPLETE","","","","LN52states","-1","False","Performance","12045"
"","STATION 5 NOT COMPLETE","","","","LN52states","-1","False","Performance","12046"
"","STATION 6 NOT COMPLETE","","","","LN52states","-1","False","Performance","12047"
"","STATION 7 NOT COMPLETE","","","","LN52states","-1","False","Performance","12048"
"","BLOCKED - CONVEYOR ZONE 1","","","","LN52states","-1","False","Performance","12049"
"","HELP CALL - LOAD STA","","","","LN52states","-1","False","Performance","12050"
"","HELP CALL - VISION STA","","","","LN52states","-1","False","Performance","12051"
"","HELP CALL - STA 1","","","","LN52states","-1","False","Performance","12052"
"","HELP CALL - STA 2","","","","LN52states","-1","False","Performance","12053"
"","HELP CALL - STA 2 SUB-ASM","","","","LN52states","-1","False","Performance","12054"
"","HELP CALL - STA 4","","","","LN52states","-1","False","Performance","12055"
"","HELP CALL - STA 5","","","","LN52states","-1","False","Performance","12056"
"","HELP CALL - STA 6","","","","LN52states","-1","False","Performance","12057"
"","HELP CALL - STA 7","","","","LN52states","-1","False","Performance","12058"
"","HELP CALL - UNLOAD STA","","","","LN52states","-1","False","Performance","12059"
"","HELP CALL - STA 3","","","","LN52states","-1","False","Performance","12060"
"","HELP CALL - STA 4-5 SUB-ASM","","","","LN52states","-1","False","Performance","12061"
"","EFLEX FAULT - LOAD STA","","","","LN52states","-1","False","Performance","12062"
"","EFLEX FAULT - VISION STA","","","","LN52states","-1","False","Performance","12063"
"","EFLEX FAULT- STA 1","","","","LN52states","-1","False","Performance","12064"
"","EFLEX FAULT- STA 2","","","","LN52states","-1","False","Performance","12065"
"","EFLEX FAULT- STA 3","","","","LN52states","-1","False","Performance","12066"
"","EFLEX FAULT- STA 4","","","","LN52states","-1","False","Performance","12067"
"","EFLEX FAULT- STA 5","","","","LN52states","-1","False","Performance","12068"
"","EFLEX FAULT- STA 6","","","","LN52states","-1","False","Performance","12069"
"","EFLEX FAULT- STA 7","","","","LN52states","-1","False","Performance","12070"
"","SCHEDULED RUN - START LINE","","","","LN52states","-1","False","Performance","12071"
"","NO SIGNAL - EFLEX LOAD","","","","LN52states","-1","False","Performance","12072"
"","NO SIGNAL - EFLEX VISION STA","","","","LN52states","-1","False","Performance","12073"
"","NO SIGNAL - EFLEX STA 1","","","","LN52states","-1","False","Performance","12074"
"","NO SIGNAL - EFLEX STA 2","","","","LN52states","-1","False","Performance","12075"
"","NO SIGNAL - EFLEX STA 3","","","","LN52states","-1","False","Performance","12076"
"","NO SIGNAL - EFLEX STA 4","","","","LN52states","-1","False","Performance","12077"
"","NO SIGNAL - EFLEX STA 5","","","","LN52states","-1","False","Performance","12078"
"","NO SIGNAL - EFLEX STA 6","","","","LN52states","-1","False","Performance","12079"
"","NO SIGNAL - EFLEX STA 7","","","","LN52states","-1","False","Performance","12080"
"","NO SIGNAL - UNLOAD STA","","","","LN52states","-1","False","Performance","12081"
"","NO SERIAL # AT LOAD STA","","","","LN52states","-1","False","Performance","12082"
"","NO SERIAL # AT STA 1","","","","LN52states","-1","False","Performance","12083"
"","NO SERIAL # AT STA 2","","","","LN52states","-1","False","Performance","12084"
"","NO SERIAL # AT STA 3","","","","LN52states","-1","False","Performance","12085"
"","NO SERIAL # AT STA 4","","","","LN52states","-1","False","Performance","12086"
"","NO SERIAL # AT STA 5","","","","LN52states","-1","False","Performance","12087"
"","NO SERIAL # AT STA 6","","","","LN52states","-1","False","Performance","12088"
"","NO SERIAL # AT UNLOAD STA","","","","LN52states","-1","False","Performance","12089"
"","STA 11 NOT COMPLETE","","","","LN52states","-1","False","Performance","12090"
"","STA 47 NOT COMPLETE","","","","LN52states","-1","False","Performance","12091"
"","REPAIR IN NOT CLEAR","","","","LN52states","-1","False","Performance","12092"
"","REPAIR OUT NOT CLEAR","","","","LN52states","-1","False","Performance","12093"
"","STA 51 NOT COMPLETE","","","","LN52states","-1","False","Performance","12094"
"","CHARGE STA NOT COMPLETE","","","","LN52states","-1","False","Performance","12095"
"","CHARGE STA NOT COMPLETE","","","","LN52states","-1","False","Performance","12096"
"","STA 55 NOT COMPLETE","","","","LN52states","-1","False","Performance","12097"
"","TCI STA 40 NOT COMPLETE","","","","LN52states","-1","False","Performance","12098"
"","STA 56 NOT COMPLETE","","","","LN52states","-1","False","Performance","12099"
"","CHARGE STA NOT COMPLETE","","","","LN52states","-1","False","Performance","12100"
"","CHARGE STA NOT COMPLETE","","","","LN52states","-1","False","Performance","12101"
"","REPAIR IN/OUT NOT COMPLETE","","","","LN52states","-1","False","Performance","12102"
"","STA 24 NOT COMPLETE","","","","LN52states","-1","False","Performance","12103"
"","STA 28 NOT COMPLETE","","","","LN52states","-1","False","Performance","12104"
"","STA 11 NOT COMPLETE","","","","LN52states","-1","False","Performance","12105"
"","STA 47 NOT COMPLETE","","","","LN52states","-1","False","Performance","12106"
"","STA 31 NOT COMPLETE","","","","LN52states","-1","False","Performance","12107"
"","STA 32 NOT COMPLETE","","","","LN52states","-1","False","Performance","12108"
"","STA 51 NOT COMPLETE","","","","LN52states","-1","False","Performance","12109"
"","CHRG STA NOT COMPLETE","","","","LN52states","-1","False","Performance","12110"
"","STA 24 NOT COMPLETE","","","","LN52states","-1","False","Performance","12111"
"","STA 55 NOT COMPLETE","","","","LN52states","-1","False","Performance","12112"
"","STA 33 NOT COMPLETE","","","","LN52states","-1","False","Performance","12113"
"","STA 40 TCI OVERTRAVELED","","","","LN52states","-1","False","Performance","12114"
"","STA 57 NOT COMPLETE","","","","LN52states","-1","False","Performance","12115"
"","STA 28 NOT COMPLETE","","","","LN52states","-1","False","Performance","12116"
"","REPAIR IN/OUT NOT COMPLETE","","","","LN52states","-1","False","Performance","12117"
"","WAITING ON AGC AT UNLOAD","","","","LN52states","-1","False","Performance","12118"
"","STOP-Stn 24 Warning Label Scan","","","","LN52states","-1","False","Performance","14001"
"","ESTOP - MCP","","","","LN52states","-1","False","Performance","15001"
"","ESTOP - MCP","","","","LN52states","-1","False","Performance","15002"
"","ESTOP - MCP","","","","LN52states","-1","False","Performance","15003"
"","ESTOP - ZONE 1 OR ZONE 3","","","","LN52states","-1","False","Performance","15004"
"","ESTOP - CONV ZONE 2","","","","LN52states","-1","False","Performance","15005"
"","ESTOP - STA 11","","","","LN52states","-1","False","Performance","15006"
"","ESTOP - STA 41","","","","LN52states","-1","False","Performance","15007"
"","ESTOP - STA 34","","","","LN52states","-1","False","Performance","15008"
"","ESTOP - STA 36","","","","LN52states","-1","False","Performance","15009"
"","ESTOP - STA 47","","","","LN52states","-1","False","Performance","15010"
"","ESTOP - CHARGE STA SOUTH","","","","LN52states","-1","False","Performance","15011"
"","ESTOP - CHARGE STA NORTH","","","","LN52states","-1","False","Performance","15012"
"","ESTOP - STA 52","","","","LN52states","-1","False","Performance","15013"
"","ESTOP - STA 57","","","","LN52states","-1","False","Performance","15014"
"","ESTOP - STA 24","","","","LN52states","-1","False","Performance","15015"
"","ESTOP - STA 60","","","","LN52states","-1","False","Performance","15016"
