zoneID	Group	Fault Code	Event Description
1	Pre Foam	17	SCHEDULED RUN (OFF AT PANEL)
9	Inspection	32	CLEAN OUT ACTIVE
1	Pre Foam	1001	ELEC FAULT-CONV 11-B010
1	Pre Foam	1002	ELEC FAULT-CONV 11-B020
1	Pre Foam	1003	ELEC FAULT-CONV 11-B025
1	Pre Foam	1004	ELEC FAULT-CONV 11-B030
1	Pre Foam	1005	ELEC FAULT-CONV 11-B050
1	Pre Foam	1006	ELEC FAULT-CONV 11-B053
1	Pre Foam	1007	ELEC FAULT ZONE 1-7
1	Pre Foam	1008	ELEC FAULT ZONE 1-8
1	Pre Foam	1009	ELEC FAULT ZONE 1-9
1	Pre Foam	1010	ELEC FAULT ZONE 1-10
1	Pre Foam	1011	ELEC FAULT ZONE 1-11
1	Pre Foam	1012	ELEC FAULT ZONE 1-12
1	Pre Foam	1013	ELEC FAULT ZONE 1-13
1	Pre Foam	1014	ELEC FAULT ZONE 1-14
1	Pre Foam	1015	ELEC FAULT ZONE 1-15
1	Pre Foam	1016	ELEC FAULT ZONE 1-16
1	Pre Foam	1017	ELEC FAULT ZONE 1-17
1	Pre Foam	1018	ELEC FAULT ZONE 1-18
1	Pre Foam	1019	ELEC FAULT ZONE 1-19
1	Pre Foam	1020	ELEC FAULT ZONE 1-20
1	Pre Foam	1021	ELEC FAULT ZONE 1-21
1	Pre Foam	1022	ELEC FAULT ZONE 1-22
1	Pre Foam	1023	ELEC FAULT ZONE 1-23
1	Pre Foam	1024	ELEC FAULT ZONE 1-24
1	Pre Foam	1025	ELEC FAULT ZONE 1-25
1	Pre Foam	1026	ELEC FAULT ZONE 1-26
1	Pre Foam	1027	ELEC FAULT ZONE 1-27
1	Pre Foam	1028	PANEL 05-B010 STOP
1	Pre Foam	1029	PANEL 05-B010 I/O FAULT
1	Pre Foam	1030	PANEL 05-B010 MCR FAULT
2	Side Line	1031	ELEC FAULT-CONV 11-B056
2	Side Line	1032	ELEC FAULT-CONV 11-B064
2	Side Line	1033	ELEC FAULT-CONV 11-B080
2	Side Line	1034	ELEC FAULT-CONV 11-B090
2	Side Line	1035	ELEC FAULT-CONV 11-B110
2	Side Line	1036	ELEC FAULT-CONV 25-B120
2	Side Line	1037	ELEC FAULT-CONV 11-B120
2	Side Line	1038	ELEC FAULT-CONV 11-B130
2	Side Line	1039	ELEC FAULT-CONV 11-B140
2	Side Line	1040	ELEC FAULT-CONV 11-B150
2	Side Line	1041	ELEC FAULT-CONV 25-B150
2	Side Line	1042	ELEC FAULT ZONE 12
2	Side Line	1043	ELEC FAULT ZONE 13
2	Side Line	1044	ELEC FAULT ZONE 14
2	Side Line	1045	ELEC FAULT ZONE 15
2	Side Line	1046	ELEC FAULT ZONE 16
2	Side Line	1047	ELEC FAULT ZONE 17
2	Side Line	1048	ELEC FAULT ZONE 18
2	Side Line	1049	ELEC FAULT ZONE 19
2	Side Line	1050	ELEC FAULT ZONE 20
2	Side Line	1051	ELEC FAULT ZONE 21
2	Side Line	1052	ELEC FAULT ZONE 22
2	Side Line	1053	ELEC FAULT ZONE 23
2	Side Line	1054	ELEC FAULT ZONE 24
2	Side Line	1055	PANEL 05-B020 STOP
2	Side Line	1056	PANEL 05-B020 I/O FAULT
2	Side Line	1057	PANEL 05-B020 MCR FAULT
2	Side Line	1058	PANEL 05-B030 STOP
2	Side Line	1059	PANEL 05-B030 I/O FAULT
2	Side Line	1060	PANEL 05-B030 MCR FAULT
3	Charge Loop	1061	ELEC FAULT-CONV 11-B170
3	Charge Loop	1062	ELEC FAULT-CONV 11-B180
3	Charge Loop	1063	ELEC FAULT-CONV 11-B190
3	Charge Loop	1064	ELEC FAULT-CONV 11-B200
3	Charge Loop	1065	ELEC FAULT-CONV 11-B210
3	Charge Loop	1066	ELEC FAULT-CONV 11-B218
3	Charge Loop	1067	ELEC FAULT-CONV 11-B220
3	Charge Loop	1068	ELEC FAULT-CONV 11-B230
3	Charge Loop	1069	ELEC FAULT-CONV 11-B240
3	Charge Loop	1070	ELEC FAULT ZONE 3-10
3	Charge Loop	1071	ELEC FAULT ZONE 3-11
3	Charge Loop	1072	ELEC FAULT ZONE 3-12
3	Charge Loop	1073	ELEC FAULT ZONE 3-13
3	Charge Loop	1074	ELEC FAULT ZONE 3-14
3	Charge Loop	1075	ELEC FAULT ZONE 3-15
3	Charge Loop	1076	ELEC FAULT ZONE 3-16
3	Charge Loop	1077	ELEC FAULT ZONE 3-17
3	Charge Loop	1078	ELEC FAULT ZONE 3-18
3	Charge Loop	1079	ELEC FAULT ZONE 3-19
3	Charge Loop	1080	ELEC FAULT ZONE 3-20
3	Charge Loop	1081	ELEC FAULT ZONE 3-21
3	Charge Loop	1082	ELEC FAULT ZONE 3-22
3	Charge Loop	1083	ELEC FAULT ZONE 3-23
3	Charge Loop	1084	ELEC FAULT ZONE 3-24
3	Charge Loop	1085	ELEC FAULT ZONE 3-25
3	Charge Loop	1086	EVAC PANEL STOP
3	Charge Loop	1087	EVAC PANEL I/O FAULT
3	Charge Loop	1088	EVAC PANEL MCR FAULT
3	Charge Loop	1089	POWERRAIL DISCONNECT OFF
3	Charge Loop	1090	EVAC POWERRAIL FAULT
4	Doors	1091	ELEC FAULT-CONV 11-B250
4	Doors	1092	ELEC FAULT-CONV 11-B260
4	Doors	1093	ELEC FAULT-CONV 11-B270
4	Doors	1094	ELEC FAULT ZONE 4-4
4	Doors	1095	ELEC FAULT ZONE 4-5
4	Doors	1096	ELEC FAULT ZONE 4-6
4	Doors	1097	ELEC FAULT ZONE 4-7
4	Doors	1098	ELEC FAULT ZONE 4-8
4	Doors	1099	ELEC FAULT ZONE 4-9
4	Doors	1100	ELEC FAULT ZONE 4-10
4	Doors	1101	ELEC FAULT ZONE 4-11
4	Doors	1102	ELEC FAULT ZONE 4-12
4	Doors	1103	ELEC FAULT ZONE 4-13
4	Doors	1104	ELEC FAULT ZONE 4-14
4	Doors	1105	ELEC FAULT ZONE 4-15
4	Doors	1106	ELEC FAULT ZONE 4-16
4	Doors	1107	ELEC FAULT ZONE 4-17
4	Doors	1108	ELEC FAULT ZONE 4-18
4	Doors	1109	ELEC FAULT ZONE 4-19
4	Doors	1110	ELEC FAULT ZONE 4-20
4	Doors	1111	ELEC FAULT ZONE 4-21
4	Doors	1112	ELEC FAULT ZONE 4-22
4	Doors	1113	ELEC FAULT ZONE 4-23
4	Doors	1114	ELEC FAULT ZONE 4-24
4	Doors	1115	ELEC FAULT ZONE 4-25
4	Doors	1116	ELEC FAULT ZONE 4-26
4	Doors	1117	ELEC FAULT ZONE 4-27
4	Doors	1118	ELEC FAULT ZONE 4-28
4	Doors	1119	ELEC FAULT ZONE 4-29
4	Doors	1120	ELEC FAULT ZONE 4-30
9	Inspection	1121	ELEC FAULT-CONV 11-B280
9	Inspection	1122	ELEC FAULT-CONV 11-B290
9	Inspection	1123	ELEC FAULT-CONV 11-B300
9	Inspection	1124	ELEC FAULT-CONV 11-B310
9	Inspection	1125	ELEC FAULT-CONV 20-B333
9	Inspection	1126	ELEC FAULT-CONV 11-B312
9	Inspection	1127	ELEC FAULT-CONV 11-B360
9	Inspection	1128	ELEC FAULT-CONV 11-B362
9	Inspection	1129	ELEC FAULT-CONV 11-B363
9	Inspection	1130	ELEC FAULT-CONV 11-B364
9	Inspection	1131	ELEC FAULT-CONV 11-B365
9	Inspection	1132	ELEC FAULT-CONV 11-B366
9	Inspection	1133	ELEC FAULT-CONV 11-B370
9	Inspection	1134	ELEC FAULT-CONV 11-B380
9	Inspection	1135	ELEC FAULT-CONV 11-B390
9	Inspection	1136	ELEC FAULT-CONV 11-B400
9	Inspection	1137	ELEC FAULT-CONV 11-B355
9	Inspection	1138	ELEC FAULT-Z1 POWER ROLLER
9	Inspection	1139	ELEC FAULT-CONV 25-B400
9	Inspection	1140	ELEC FAULT-CONV 25-B410
9	Inspection	1141	ELEC FAULT-SYSTEM RUN OFF
9	Inspection	1142	FAULT-MODULE 0 OFF-CB716
9	Inspection	1143	FAULT-MODULE 1 OFF-CB718
9	Inspection	1144	FAULT-MODULE 2 OFF-CB720
9	Inspection	1145	FAULT-MODULE 3 OFF-CB722
9	Inspection	1146	FAULT-MODULE 4 OFF-CB724
9	Inspection	1147	FAULT-MODULE 5 OFF-CB726
9	Inspection	1148	FAULT-MODULE 6 OFF-CB728
9	Inspection	1149	FAULT-MODULE 7 OFF-CB730
9	Inspection	1150	FAULT-MODULE 8-11 OFF-CB732
9	Inspection	1181	FAULT-SYSTEM OFF @ PANEL
1	Pre Foam	2001	MECH FAULT-CONV 11-B010
1	Pre Foam	2002	MECH FAULT-CONV 11-B020
1	Pre Foam	2003	MECH FAULT-CONV 11-B025
1	Pre Foam	2004	MECH FAULT-CONV 11-B030
1	Pre Foam	2005	MECH FAULT-CONV 11-B050
1	Pre Foam	2006	MECH FAULT-CONV 11-B053
1	Pre Foam	2007	MECH FAULT ZONE 1-7
1	Pre Foam	2008	MECH FAULT ZONE 1-8
1	Pre Foam	2009	MECH FAULT ZONE 1-9
1	Pre Foam	2010	MECH FAULT ZONE 1-10
1	Pre Foam	2011	MECH FAULT ZONE 1-11
1	Pre Foam	2012	MECH FAULT ZONE 1-12
1	Pre Foam	2013	MECH FAULT ZONE 1-13
1	Pre Foam	2014	MECH FAULT ZONE 1-14
1	Pre Foam	2015	MECH FAULT ZONE 1-15
1	Pre Foam	2016	MECH FAULT ZONE 1-16
1	Pre Foam	2017	MECH FAULT ZONE 1-17
1	Pre Foam	2018	MECH FAULT ZONE 1-18
1	Pre Foam	2019	MECH FAULT ZONE 1-19
1	Pre Foam	2020	MECH FAULT ZONE 1-20
1	Pre Foam	2021	MECH FAULT ZONE 1-21
1	Pre Foam	2022	MECH FAULT ZONE 1-22
1	Pre Foam	2023	MECH FAULT ZONE 1-23
1	Pre Foam	2024	MECH FAULT ZONE 1-24
1	Pre Foam	2025	MECH FAULT ZONE 1-25
1	Pre Foam	2026	MECH FAULT ZONE 1-26
1	Pre Foam	2027	MECH FAULT ZONE 1-27
1	Pre Foam	2028	MECH FAULT ZONE 1-28
1	Pre Foam	2029	MECH FAULT ZONE 1-29
1	Pre Foam	2030	MECH FAULT ZONE 1-30
2	Side Line	2031	MECH FAULT-CONV 11-B056
2	Side Line	2032	MECH FAULT-CONV 11-B064
2	Side Line	2033	MECH FAULT-CONV 11-B080
2	Side Line	2034	MECH FAULT-CONV 11-B090
2	Side Line	2035	MECH FAULT-CONV 11-B110
2	Side Line	2036	MECH FAULT-CONV 25-B120
2	Side Line	2037	MECH FAULT-CONV 11-B120
2	Side Line	2038	MECH FAULT-CONV 11-B130
2	Side Line	2039	MECH FAULT-CONV 11-B140
2	Side Line	2040	MECH FAULT-CONV 11-B150
2	Side Line	2041	MECH FAULT-CONV 25-B150
2	Side Line	2042	MECH FAULT ZONE 12
2	Side Line	2043	MECH FAULT ZONE 13
2	Side Line	2044	MECH FAULT ZONE 14
2	Side Line	2045	MECH FAULT ZONE 15
2	Side Line	2046	MECH FAULT ZONE 16
2	Side Line	2047	MECH FAULT ZONE 17
2	Side Line	2048	MECH FAULT ZONE 18
2	Side Line	2049	MECH FAULT ZONE 19
2	Side Line	2050	MECH FAULT ZONE 20
2	Side Line	2051	MECH FAULT ZONE 21
2	Side Line	2052	MECH FAULT ZONE 22
2	Side Line	2053	MECH FAULT ZONE 23
2	Side Line	2054	MECH FAULT ZONE 24
2	Side Line	2055	MECH FAULT ZONE 25
2	Side Line	2056	MECH FAULT ZONE 26
2	Side Line	2057	MECH FAULT ZONE 27
2	Side Line	2058	MECH FAULT ZONE 28
2	Side Line	2059	MECH FAULT ZONE 29
2	Side Line	2060	MECH FAULT ZONE 30
3	Charge Loop	2061	MECH FAULT-CONV 11-B170
3	Charge Loop	2062	MECH FAULT-CONV 11-B180
3	Charge Loop	2063	MECH FAULT-CONV 11-B190
3	Charge Loop	2064	MECH FAULT-CONV 11-B200
3	Charge Loop	2065	MECH FAULT-CONV 11-B210
3	Charge Loop	2066	MECH FAULT-CONV 11-B218
3	Charge Loop	2067	MECH FAULT-CONV 11-B220
3	Charge Loop	2068	MECH FAULT-CONV 11-B230
3	Charge Loop	2069	MECH FAULT-CONV 11-B240
3	Charge Loop	2070	MECH FAULT ZONE 3-10
3	Charge Loop	2071	MECH FAULT ZONE 3-11
3	Charge Loop	2072	MECH FAULT ZONE 3-12
3	Charge Loop	2073	MECH FAULT ZONE 3-13
3	Charge Loop	2074	MECH FAULT ZONE 3-14
3	Charge Loop	2075	MECH FAULT ZONE 3-15
3	Charge Loop	2076	MECH FAULT ZONE 3-16
3	Charge Loop	2077	MECH FAULT ZONE 3-17
3	Charge Loop	2078	MECH FAULT ZONE 3-18
3	Charge Loop	2079	MECH FAULT ZONE 3-19
3	Charge Loop	2080	MECH FAULT ZONE 3-20
3	Charge Loop	2081	MECH FAULT ZONE 3-21
3	Charge Loop	2082	MECH FAULT ZONE 3-22
3	Charge Loop	2083	MECH FAULT ZONE 3-23
3	Charge Loop	2084	MECH FAULT ZONE 3-24
3	Charge Loop	2085	MECH FAULT ZONE 3-25
3	Charge Loop	2086	MECH FAULT ZONE 3-26
3	Charge Loop	2087	MECH FAULT ZONE 3-27
3	Charge Loop	2088	MECH FAULT ZONE 3-28
3	Charge Loop	2089	MECH FAULT ZONE 3-29
3	Charge Loop	2090	MECH FAULT ZONE 3-30
4	Doors	2091	MECH FAULT-CONV 11-B250
4	Doors	2092	MECH FAULT-CONV 11-B260
4	Doors	2093	MECH FAULT-CONV 11-B270
4	Doors	2094	MECH FAULT ZONE 4-4
4	Doors	2095	MECH FAULT ZONE 4-5
4	Doors	2096	MECH FAULT ZONE 4-6
4	Doors	2097	MECH FAULT ZONE 4-7
4	Doors	2098	MECH FAULT ZONE 4-8
4	Doors	2099	MECH FAULT ZONE 4-9
4	Doors	2100	MECH FAULT ZONE 4-10
4	Doors	2101	MECH FAULT ZONE 4-11
4	Doors	2102	MECH FAULT ZONE 4-12
4	Doors	2103	MECH FAULT ZONE 4-13
4	Doors	2104	MECH FAULT ZONE 4-14
4	Doors	2105	MECH FAULT ZONE 4-15
4	Doors	2106	MECH FAULT ZONE 4-16
4	Doors	2107	MECH FAULT ZONE 4-17
4	Doors	2108	MECH FAULT ZONE 4-18
4	Doors	2109	MECH FAULT ZONE 4-19
4	Doors	2110	MECH FAULT ZONE 4-20
4	Doors	2111	MECH FAULT ZONE 4-21
4	Doors	2112	MECH FAULT ZONE 4-22
4	Doors	2113	MECH FAULT ZONE 4-23
4	Doors	2114	MECH FAULT ZONE 4-24
4	Doors	2115	MECH FAULT ZONE 4-25
4	Doors	2116	MECH FAULT ZONE 4-26
4	Doors	2117	MECH FAULT ZONE 4-27
4	Doors	2118	MECH FAULT ZONE 4-28
4	Doors	2119	MECH FAULT ZONE 4-29
4	Doors	2120	MECH FAULT ZONE 4-30
9	Inspection	2121	MECH FAULT-CONV 11-B280
9	Inspection	2122	MECH FAULT-CONV 11-B290
9	Inspection	2123	MECH FAULT-CONV 11-B300
9	Inspection	2124	MECH FAULT-CONV 11-B310
9	Inspection	2125	MECH FAULT-CONV 20-B333
9	Inspection	2126	MECH FAULT-CONV 11-B312
9	Inspection	2127	MECH FAULT-CONV 11-B360
9	Inspection	2128	MECH FAULT-CONV 11-B362
9	Inspection	2129	MECH FAULT-CONV 11-B363
9	Inspection	2130	MECH FAULT-CONV 11-B364
9	Inspection	2131	MECH FAULT-CONV 11-B365
9	Inspection	2132	MECH FAULT-CONV 11-B366
9	Inspection	2133	MECH FAULT-CONV 11-B370
9	Inspection	2134	MECH FAULT-CONV 11-B380
9	Inspection	2135	MECH FAULT-CONV 11-B390
9	Inspection	2136	MECH FAULT-CONV 11-B400
9	Inspection	2137	MECH FAULT-CONV 11-B355
9	Inspection	2138	MECH FAULT-Z71 POWER ROLLER
9	Inspection	2139	MECH FAULT-CONV 25-B400
9	Inspection	2140	MECH FAULT-CONV 25-B410
9	Inspection	2141	MECH FAULT ZONE 5-21
9	Inspection	2142	MECH FAULT ZONE 5-22
9	Inspection	2143	MECH FAULT ZONE 5-23
9	Inspection	2144	MECH FAULT ZONE 5-24
9	Inspection	2145	MECH FAULT ZONE 5-25
9	Inspection	2146	MECH FAULT ZONE 5-26
9	Inspection	2147	MECH FAULT ZONE 5-27
9	Inspection	2148	MECH FAULT ZONE 5-28
9	Inspection	2149	MECH FAULT ZONE 5-29
9	Inspection	2150	MECH FAULT ZONE 5-30
1	Pre Foam	5001	COM FAULT ZONE 1-1
1	Pre Foam	5002	COM FAULT ZONE 1-2
1	Pre Foam	5003	COM FAULT ZONE 1-3
1	Pre Foam	5004	COM FAULT ZONE 1-4
1	Pre Foam	5005	COM FAULT ZONE 1-5
1	Pre Foam	5006	COM FAULT ZONE 1-6
1	Pre Foam	5007	COM FAULT ZONE 1-7
1	Pre Foam	5008	COM FAULT ZONE 1-8
1	Pre Foam	5009	COM FAULT ZONE 1-9
1	Pre Foam	5010	COM FAULT ZONE 1-10
1	Pre Foam	5011	COM FAULT ZONE 1-11
1	Pre Foam	5012	COM FAULT ZONE 1-12
1	Pre Foam	5013	COM FAULT ZONE 1-13
1	Pre Foam	5014	COM FAULT ZONE 1-14
1	Pre Foam	5015	COM FAULT ZONE 1-15
1	Pre Foam	5016	COM FAULT ZONE 1-16
1	Pre Foam	5017	COM FAULT ZONE 1-17
1	Pre Foam	5018	COM FAULT ZONE 1-18
1	Pre Foam	5019	COM FAULT ZONE 1-19
1	Pre Foam	5020	COM FAULT ZONE 1-20
1	Pre Foam	5021	COM FAULT ZONE 1-21
1	Pre Foam	5022	COM FAULT ZONE 1-22
1	Pre Foam	5023	COM FAULT ZONE 1-23
1	Pre Foam	5024	COM FAULT ZONE 1-24
1	Pre Foam	5025	COM FAULT ZONE 1-25
1	Pre Foam	5026	COM FAULT ZONE 1-26
1	Pre Foam	5027	COM FAULT ZONE 1-27
1	Pre Foam	5028	COM FAULT ZONE 1-28
1	Pre Foam	5029	COM FAULT ZONE 1-29
1	Pre Foam	5030	COM FAULT ZONE 1-30
2	Side Line	5031	COM FAULT ZONE 2-1
2	Side Line	5032	COM FAULT ZONE 2-2
2	Side Line	5033	COM FAULT ZONE 2-3
2	Side Line	5034	COM FAULT ZONE 2-4
2	Side Line	5035	COM FAULT ZONE 2-5
2	Side Line	5036	COM FAULT ZONE 2-6
2	Side Line	5037	COM FAULT ZONE 2-7
2	Side Line	5038	COM FAULT ZONE 2-8
2	Side Line	5039	COM FAULT ZONE 2-9
2	Side Line	5040	COM FAULT ZONE 2-10
2	Side Line	5041	COM FAULT ZONE 2-11
2	Side Line	5042	COM FAULT ZONE 2-12
2	Side Line	5043	COM FAULT ZONE 2-13
2	Side Line	5044	COM FAULT ZONE 2-14
2	Side Line	5045	COM FAULT ZONE 2-15
2	Side Line	5046	COM FAULT ZONE 2-16
2	Side Line	5047	COM FAULT ZONE 2-17
2	Side Line	5048	COM FAULT ZONE 2-18
2	Side Line	5049	COM FAULT ZONE 2-19
2	Side Line	5050	COM FAULT ZONE 2-20
2	Side Line	5051	COM FAULT ZONE 2-21
2	Side Line	5052	COM FAULT ZONE 2-22
2	Side Line	5053	COM FAULT ZONE 2-23
2	Side Line	5054	COM FAULT ZONE 2-24
2	Side Line	5055	COM FAULT ZONE 2-25
2	Side Line	5056	COM FAULT ZONE 2-26
2	Side Line	5057	COM FAULT ZONE 2-27
2	Side Line	5058	COM FAULT ZONE 2-28
2	Side Line	5059	COM FAULT ZONE 2-29
2	Side Line	5060	COM FAULT ZONE 2-30
3	Charge Loop	5061	COM FAULT ZONE 3-1
3	Charge Loop	5062	COM FAULT ZONE 3-2
3	Charge Loop	5063	COM FAULT ZONE 3-3
3	Charge Loop	5064	COM FAULT ZONE 3-4
3	Charge Loop	5065	COM FAULT ZONE 3-5
3	Charge Loop	5066	COM FAULT ZONE 3-6
3	Charge Loop	5067	COM FAULT ZONE 3-7
3	Charge Loop	5068	COM FAULT ZONE 3-8
3	Charge Loop	5069	COM FAULT ZONE 3-9
3	Charge Loop	5070	COM FAULT ZONE 3-10
3	Charge Loop	5071	COM FAULT ZONE 3-11
3	Charge Loop	5072	COM FAULT ZONE 3-12
3	Charge Loop	5073	COM FAULT ZONE 3-13
3	Charge Loop	5074	COM FAULT ZONE 3-14
3	Charge Loop	5075	COM FAULT ZONE 3-15
3	Charge Loop	5076	COM FAULT ZONE 3-16
3	Charge Loop	5077	COM FAULT ZONE 3-17
3	Charge Loop	5078	COM FAULT ZONE 3-18
3	Charge Loop	5079	COM FAULT ZONE 3-19
3	Charge Loop	5080	COM FAULT ZONE 3-20
3	Charge Loop	5081	COM FAULT ZONE 3-21
3	Charge Loop	5082	COM FAULT ZONE 3-22
3	Charge Loop	5083	COM FAULT ZONE 3-23
3	Charge Loop	5084	COM FAULT ZONE 3-24
3	Charge Loop	5085	COM FAULT ZONE 3-25
3	Charge Loop	5086	COM FAULT ZONE 3-26
3	Charge Loop	5087	COM FAULT ZONE 3-27
3	Charge Loop	5088	COM FAULT ZONE 3-28
3	Charge Loop	5089	COM FAULT ZONE 3-29
3	Charge Loop	5090	COM FAULT ZONE 3-30
4	Doors	5091	COM FAULT ZONE 4-1
4	Doors	5092	COM FAULT ZONE 4-2
4	Doors	5093	COM FAULT ZONE 4-3
4	Doors	5094	COM FAULT ZONE 4-4
4	Doors	5095	COM FAULT ZONE 4-5
4	Doors	5096	COM FAULT ZONE 4-6
4	Doors	5097	COM FAULT ZONE 4-7
4	Doors	5098	COM FAULT ZONE 4-8
4	Doors	5099	COM FAULT ZONE 4-9
4	Doors	5100	COM FAULT ZONE 4-10
4	Doors	5101	COM FAULT ZONE 4-11
4	Doors	5102	COM FAULT ZONE 4-12
4	Doors	5103	COM FAULT ZONE 4-13
4	Doors	5104	COM FAULT ZONE 4-14
4	Doors	5105	COM FAULT ZONE 4-15
4	Doors	5106	COM FAULT ZONE 4-16
4	Doors	5107	COM FAULT ZONE 4-17
4	Doors	5108	COM FAULT ZONE 4-18
4	Doors	5109	COM FAULT ZONE 4-19
4	Doors	5110	COM FAULT ZONE 4-20
4	Doors	5111	COM FAULT ZONE 4-21
4	Doors	5112	COM FAULT ZONE 4-22
4	Doors	5113	COM FAULT ZONE 4-23
4	Doors	5114	COM FAULT ZONE 4-24
4	Doors	5115	COM FAULT ZONE 4-25
4	Doors	5116	COM FAULT ZONE 4-26
4	Doors	5117	COM FAULT ZONE 4-27
4	Doors	5118	COM FAULT ZONE 4-28
4	Doors	5119	COM FAULT ZONE 4-29
4	Doors	5120	COM FAULT ZONE 4-30
9	Inspection	5121	COM FAULT-CAL/REPAIR DB RESPONSE
9	Inspection	5122	COM FAULT-CAL/REPAIR DB ERROR
9	Inspection	5123	COM FAULT ZONE 5-3
9	Inspection	5124	COM FAULT ZONE 5-4
9	Inspection	5125	COM FAULT ZONE 5-5
9	Inspection	5126	COM FAULT ZONE 5-6
9	Inspection	5127	COM FAULT ZONE 5-7
9	Inspection	5128	COM FAULT ZONE 5-8
9	Inspection	5129	COM FAULT ZONE 5-9
9	Inspection	5130	COM FAULT ZONE 5-10
9	Inspection	5131	COM FAULT ZONE 5-11
9	Inspection	5132	COM FAULT ZONE 5-12
9	Inspection	5133	COM FAULT ZONE 5-13
9	Inspection	5134	COM FAULT ZONE 5-14
9	Inspection	5135	COM FAULT ZONE 5-15
9	Inspection	5136	COM FAULT ZONE 5-16
9	Inspection	5137	COM FAULT ZONE 5-17
9	Inspection	5138	COM FAULT ZONE 5-18
9	Inspection	5139	COM FAULT ZONE 5-19
9	Inspection	5140	COM FAULT ZONE 5-20
9	Inspection	5141	COM FAULT ZONE 5-21
9	Inspection	5142	COM FAULT ZONE 5-22
9	Inspection	5143	COM FAULT ZONE 5-23
9	Inspection	5144	COM FAULT ZONE 5-24
9	Inspection	5145	COM FAULT ZONE 5-25
9	Inspection	5146	COM FAULT ZONE 5-26
9	Inspection	5147	COM FAULT ZONE 5-27
9	Inspection	5148	COM FAULT ZONE 5-28
9	Inspection	5149	COM FAULT ZONE 5-29
9	Inspection	5150	COM FAULT ZONE 5-30
1	Pre Foam	10001	STARVED-START OF PREFOAM
1	Pre Foam	10002	STARVED BY LINERS
2	Side Line	10031	STARVED BY FOAMER
3	Charge Loop	10061	STARVED BY PREVIOUS GROUP
4	Doors	10091	STARVED BY PREVIOUS GROUP
9	Inspection	10121	STARVED BY PREVIOUS GROUP
9	Inspection	10122	STARVED BY PREVIOUS GROUP
1	Pre Foam	11001	BLOCKED BY FOAMER
2	Side Line	11031	BLOCKED BY NEXT GROUP
2	Side Line	11032	BLOCKED BY TIPUP
3	Charge Loop	11061	BLOCKED BY NEXT GROUP
4	Doors	11091	BLOCKED BY NEXT GROUP
9	Inspection	11121	BLOCKED BY REPAIR
9	Inspection	11122	BLOCKED BY INSPECTION
9	Inspection	11123	BLOCKED BY CRATING
1	Pre Foam	12001	HELP-CAB SEQUENCER
1	Pre Foam	12002	HELP-BROADCAST
1	Pre Foam	12003	HELP-TOP PANEL ASSY
1	Pre Foam	12004	HELP-BOTTOM PLATE ASSY
1	Pre Foam	12005	HELP-TOP PLATE ASSY
1	Pre Foam	12006	HELP-VACUUM PANELS
1	Pre Foam	12007	HELP-HEAT EXCHANGER
1	Pre Foam	12008	HELP-LINER DROPPER 1
1	Pre Foam	12009	HELP-LINER DROPPER 2
1	Pre Foam	12010	HELP-LINER DROPPER 3
1	Pre Foam	12011	HELP-BREAK DROPPER 1
1	Pre Foam	12012	HELP-BREAK DROPPER 2
1	Pre Foam	12013	HELP-2ND CLASS INSPECTOR
1	Pre Foam	12014	HELP-BREAKER TRIM 1
1	Pre Foam	12015	HELP-BREAKER TRIM 2
1	Pre Foam	12016	HELP-BREAKER TRIM MAGNET
1	Pre Foam	12017	HELP-BREAKER TRIM BOTTOM
1	Pre Foam	12018	HELP-BREAKER TRIM TOP
1	Pre Foam	12019	HELP-RC TAPER
1	Pre Foam	12020	HELP-RC WIRE HARNESS 2
1	Pre Foam	12021	HELP-RC WIRE HARNESS 1
1	Pre Foam	12022	HELP-RC LIGHTS
1	Pre Foam	12023	HELP-RC CRIMPER
1	Pre Foam	12024	HELP-AMADA 2720
1	Pre Foam	12025	HELP-FC TAPER
1	Pre Foam	12026	HELP-FC WIRES 2
1	Pre Foam	12027	HELP-FC WIRES 1
1	Pre Foam	12028	HELP-FC LIGHTS
1	Pre Foam	12029	HELP-FC CRIMPER
1	Pre Foam	12030	HELP-AMADA 2702
1	Pre Foam	12031	HELP-BORLAUG
1	Pre Foam	12032	HELP-TOP GRILL SUB ASSY
1	Pre Foam	12033	HELP-TOP/BOTTOM SEQ
1	Pre Foam	12034	HELP-DOOR SEQ
1	Pre Foam	12035	HELP CALL ZONE 1-35
1	Pre Foam	12036	HELP CALL ZONE 1-36
1	Pre Foam	12037	HELP CALL ZONE 1-37
1	Pre Foam	12038	HELP CALL ZONE 1-38
1	Pre Foam	12039	HELP CALL ZONE 1-39
1	Pre Foam	12040	HELP CALL ZONE 1-40
1	Pre Foam	12041	HELP CALL ZONE 1-41
1	Pre Foam	12042	HELP CALL ZONE 1-42
1	Pre Foam	12043	HELP CALL ZONE 1-43
1	Pre Foam	12044	HELP CALL ZONE 1-44
1	Pre Foam	12045	HELP CALL ZONE 1-45
1	Pre Foam	12046	HELP CALL ZONE 1-46
1	Pre Foam	12047	HELP CALL ZONE 1-47
1	Pre Foam	12048	HELP CALL ZONE 1-48
1	Pre Foam	12049	HELP CALL ZONE 1-49
1	Pre Foam	12050	HELP CALL ZONE 1-50
1	Pre Foam	12051	HELP CALL ZONE 1-51
1	Pre Foam	12052	HELP CALL ZONE 1-52
1	Pre Foam	12053	HELP CALL ZONE 1-53
1	Pre Foam	12054	HELP CALL ZONE 1-54
1	Pre Foam	12055	HELP CALL ZONE 1-55
1	Pre Foam	12056	HELP CALL ZONE 1-56
1	Pre Foam	12057	HELP CALL ZONE 1-57
1	Pre Foam	12058	HELP CALL ZONE 1-58
1	Pre Foam	12059	HELP CALL ZONE 1-59
1	Pre Foam	12060	HELP CALL ZONE 1-60
2	Side Line	12061	HELP-CHARGEBOARD
2	Side Line	12062	HELP CALL ZONE 2-2
2	Side Line	12063	HELP-FIXTURE 4
2	Side Line	12064	HELP-FIXTURE 5
2	Side Line	12065	HELP-WATER TANK
2	Side Line	12066	HELP-ROLLERBASE
2	Side Line	12067	HELP-WATER FILTER
2	Side Line	12068	HELP-CARDPACK
2	Side Line	12069	HELP-CONDENSER BUILD
2	Side Line	12070	HELP-CONDENSER BRAZER
2	Side Line	12071	HELP-ICE MAKER ASSY 1
2	Side Line	12072	HELP-ICE MAKER ASSY 2
2	Side Line	12073	HELP-DRAIN PAN BRAZER
2	Side Line	12074	HELP-SKID HANG
2	Side Line	12075	HELP-TUBING
2	Side Line	12076	HELP-WATER SPIDER
2	Side Line	12077	HELP-AIR DUCT
2	Side Line	12078	HELP-CLIPS / AIR BAFFLES
2	Side Line	12079	HELP-EVAP BRAZER
2	Side Line	12080	HELP-UI INSTALL
2	Side Line	12081	HELP-WLL TEST
2	Side Line	12082	HELP-ICE MAKER INSTALL
2	Side Line	12083	HELP-TOP BRAZE
2	Side Line	12084	HELP-FIXTURE 2
2	Side Line	12085	HELP-FIXTURE 3
2	Side Line	12086	HELP CALL ZONE 2-26
2	Side Line	12087	HELP CALL ZONE 2-27
2	Side Line	12088	HELP CALL ZONE 2-28
2	Side Line	12089	HELP CALL ZONE 2-29
2	Side Line	12090	HELP CALL ZONE 2-30
2	Side Line	12091	HELP CALL ZONE 2-31
2	Side Line	12092	HELP CALL ZONE 2-32
2	Side Line	12093	HELP CALL ZONE 2-33
2	Side Line	12094	HELP CALL ZONE 2-34
2	Side Line	12095	HELP CALL ZONE 2-35
2	Side Line	12096	HELP CALL ZONE 2-36
2	Side Line	12097	HELP CALL ZONE 2-37
2	Side Line	12098	HELP CALL ZONE 2-38
2	Side Line	12099	HELP CALL ZONE 2-39
2	Side Line	12100	HELP CALL ZONE 2-40
2	Side Line	12101	HELP CALL ZONE 2-41
2	Side Line	12102	HELP CALL ZONE 2-42
2	Side Line	12103	HELP CALL ZONE 2-43
2	Side Line	12104	HELP CALL ZONE 2-44
2	Side Line	12105	HELP CALL ZONE 2-45
2	Side Line	12106	HELP CALL ZONE 2-46
2	Side Line	12107	HELP CALL ZONE 2-47
2	Side Line	12108	HELP CALL ZONE 2-48
2	Side Line	12109	HELP CALL ZONE 2-49
2	Side Line	12110	HELP CALL ZONE 2-50
2	Side Line	12111	HELP CALL ZONE 2-51
2	Side Line	12112	HELP CALL ZONE 2-52
2	Side Line	12113	HELP CALL ZONE 2-53
2	Side Line	12114	HELP CALL ZONE 2-54
2	Side Line	12115	HELP CALL ZONE 2-55
2	Side Line	12116	HELP CALL ZONE 2-56
2	Side Line	12117	HELP CALL ZONE 2-57
2	Side Line	12118	HELP CALL ZONE 2-58
2	Side Line	12119	HELP CALL ZONE 2-59
2	Side Line	12120	HELP CALL ZONE 2-60
3	Charge Loop	12121	HELP-TOP BRAZE 1
3	Charge Loop	12122	HELP-TOP BRAZE 2
3	Charge Loop	12123	HELP-SWITCHES
3	Charge Loop	12124	HELP-GEMINI BOARD
3	Charge Loop	12125	HELP-TOP TRIM
3	Charge Loop	12126	HELP-CHU KITS 1
3	Charge Loop	12127	HELP-MULTIPORT
3	Charge Loop	12128	HELP-LADDER
3	Charge Loop	12129	HELP-CB/ FIRST ELECTRICAL
3	Charge Loop	12130	HELP-PS2
3	Charge Loop	12131	HELP-GEMINI BOARD
3	Charge Loop	12132	HELP-EVAP COVERS
3	Charge Loop	12133	HELP-PS1
3	Charge Loop	12134	HELP CALL ZONE 3-14
3	Charge Loop	12135	ICE MAKER UNIT SCAN FAIL
3	Charge Loop	12136	ICE MAKER SCAN FAIL
3	Charge Loop	12137	ICE MAKER VALIDATION FAULT
3	Charge Loop	12138	INVERTER VALIDATION FAULT
3	Charge Loop	12139	HELP-NO INVERTER SCAN
3	Charge Loop	12140	HELP-NO INVERTER UNIT SCAN
3	Charge Loop	12141	HELP CALL ZONE 3-21
3	Charge Loop	12142	HELP CALL ZONE 3-22
3	Charge Loop	12143	HELP CALL ZONE 3-23
3	Charge Loop	12144	HELP CALL ZONE 3-24
3	Charge Loop	12145	HELP CALL ZONE 3-25
3	Charge Loop	12146	HELP CALL ZONE 3-26
3	Charge Loop	12147	HELP CALL ZONE 3-27
3	Charge Loop	12148	HELP CALL ZONE 3-28
3	Charge Loop	12149	HELP CALL ZONE 3-29
3	Charge Loop	12150	HELP CALL ZONE 3-30
3	Charge Loop	12151	HELP CALL ZONE 3-31
3	Charge Loop	12152	HELP CALL ZONE 3-32
3	Charge Loop	12153	HELP CALL ZONE 3-33
3	Charge Loop	12154	HELP CALL ZONE 3-34
3	Charge Loop	12155	HELP CALL ZONE 3-35
3	Charge Loop	12156	HELP CALL ZONE 3-36
3	Charge Loop	12157	HELP CALL ZONE 3-37
3	Charge Loop	12158	HELP CALL ZONE 3-38
3	Charge Loop	12159	HELP CALL ZONE 3-39
3	Charge Loop	12160	HELP CALL ZONE 3-40
3	Charge Loop	12161	HELP CALL ZONE 3-41
3	Charge Loop	12162	HELP CALL ZONE 3-42
3	Charge Loop	12163	HELP CALL ZONE 3-43
3	Charge Loop	12164	HELP CALL ZONE 3-44
3	Charge Loop	12165	HELP CALL ZONE 3-45
3	Charge Loop	12166	HELP CALL ZONE 3-46
3	Charge Loop	12167	HELP CALL ZONE 3-47
3	Charge Loop	12168	HELP CALL ZONE 3-48
3	Charge Loop	12169	HELP CALL ZONE 3-49
3	Charge Loop	12170	HELP CALL ZONE 3-50
3	Charge Loop	12171	HELP CALL ZONE 3-51
3	Charge Loop	12172	HELP CALL ZONE 3-52
3	Charge Loop	12173	HELP CALL ZONE 3-53
3	Charge Loop	12174	HELP CALL ZONE 3-54
3	Charge Loop	12175	HELP CALL ZONE 3-55
3	Charge Loop	12176	HELP CALL ZONE 3-56
3	Charge Loop	12177	HELP CALL ZONE 3-57
3	Charge Loop	12178	HELP-R600 CELL 1
3	Charge Loop	12179	HELP-R600 CELL 2
3	Charge Loop	12180	HELP-R600 CELL 3
4	Doors	12181	HELP-DOGHOUSE
4	Doors	12182	HELP-PS 2 OPERATOR 2
4	Doors	12183	HELP-CRISPER PANS
4	Doors	12184	HELP-DOOR HANG
4	Doors	12185	HELP-TOP HINGE 1
4	Doors	12186	HELP CALL ZONE 5-6
4	Doors	12187	HELP-BUCKETS C2D
4	Doors	12188	HELP-SIDE TRIM
4	Doors	12189	HELP-DOOR LEVEL
4	Doors	12190	HELP-TOP GRILLS
4	Doors	12191	HELP CALL ZONE 4-11
4	Doors	12192	HELP CALL ZONE 4-12
4	Doors	12193	HELP CALL ZONE 4-13
4	Doors	12194	HELP CALL ZONE 4-14
4	Doors	12195	HELP CALL ZONE 4-15
4	Doors	12196	HELP CALL ZONE 4-16
4	Doors	12197	HELP CALL ZONE 4-17
4	Doors	12198	HELP CALL ZONE 4-18
4	Doors	12199	HELP CALL ZONE 4-19
4	Doors	12200	HELP CALL ZONE 4-20
4	Doors	12201	HELP CALL ZONE 4-21
4	Doors	12202	HELP CALL ZONE 4-22
4	Doors	12203	HELP CALL ZONE 4-23
4	Doors	12204	HELP CALL ZONE 4-24
4	Doors	12205	HELP CALL ZONE 4-25
4	Doors	12206	HELP CALL ZONE 4-26
4	Doors	12207	HELP CALL ZONE 4-27
4	Doors	12208	HELP CALL ZONE 4-28
4	Doors	12209	HELP CALL ZONE 4-29
4	Doors	12210	HELP CALL ZONE 4-30
4	Doors	12211	HELP CALL ZONE 4-31
4	Doors	12212	HELP CALL ZONE 4-32
4	Doors	12213	HELP CALL ZONE 4-33
4	Doors	12214	HELP CALL ZONE 4-34
4	Doors	12215	HELP CALL ZONE 4-35
4	Doors	12216	HELP CALL ZONE 4-36
4	Doors	12217	HELP CALL ZONE 4-37
4	Doors	12218	HELP CALL ZONE 4-38
4	Doors	12219	HELP CALL ZONE 4-39
4	Doors	12220	HELP CALL ZONE 4-40
4	Doors	12221	HELP CALL ZONE 4-41
4	Doors	12222	HELP CALL ZONE 4-42
4	Doors	12223	HELP CALL ZONE 4-43
4	Doors	12224	HELP CALL ZONE 4-44
4	Doors	12225	HELP CALL ZONE 4-45
4	Doors	12226	HELP CALL ZONE 4-46
4	Doors	12227	HELP CALL ZONE 4-47
4	Doors	12228	HELP CALL ZONE 4-48
4	Doors	12229	HELP CALL ZONE 4-49
4	Doors	12230	HELP CALL ZONE 4-50
4	Doors	12231	HELP CALL ZONE 4-51
4	Doors	12232	HELP CALL ZONE 4-52
4	Doors	12233	HELP CALL ZONE 4-53
4	Doors	12234	HELP CALL ZONE 4-54
4	Doors	12235	HELP CALL ZONE 4-55
4	Doors	12236	HELP CALL ZONE 4-56
4	Doors	12237	HELP CALL ZONE 4-57
4	Doors	12238	HELP CALL ZONE 4-58
4	Doors	12239	HELP CALL ZONE 4-59
4	Doors	12240	HELP CALL ZONE 4-60
9	Inspection	12241	HELP CALL ZONE 5-1
9	Inspection	12242	HELP CALL ZONE 5-2
9	Inspection	12243	HELP CALL ZONE 5-3
9	Inspection	12244	HELP CALL ZONE 5-4
9	Inspection	12245	HELP CALL ZONE 5-5
9	Inspection	12246	HELP CALL ZONE 5-6
9	Inspection	12247	HELP CALL ZONE 5-7
9	Inspection	12248	HELP CALL ZONE 5-8
9	Inspection	12249	HELP CALL ZONE 5-9
9	Inspection	12250	HELP CALL ZONE 5-10
9	Inspection	12251	HELP CALL ZONE 5-11
9	Inspection	12252	HELP CALL ZONE 5-12
9	Inspection	12253	HELP CALL ZONE 5-13
9	Inspection	12254	HELP CALL ZONE 5-14
9	Inspection	12255	HELP CALL ZONE 5-15
9	Inspection	12256	HELP CALL ZONE 5-16
9	Inspection	12257	HELP CALL ZONE 5-17
9	Inspection	12258	HELP CALL ZONE 5-18
9	Inspection	12259	HELP CALL ZONE 5-19
9	Inspection	12260	HELP CALL ZONE 5-20
9	Inspection	12261	HELP CALL ZONE 5-21
9	Inspection	12262	HELP CALL ZONE 5-22
9	Inspection	12263	HELP CALL ZONE 5-23
9	Inspection	12264	HELP CALL ZONE 5-24
9	Inspection	12265	HELP CALL ZONE 5-25
9	Inspection	12266	HELP CALL ZONE 5-26
9	Inspection	12267	HELP CALL ZONE 5-27
9	Inspection	12268	HELP CALL ZONE 5-28
9	Inspection	12269	HELP CALL ZONE 5-29
9	Inspection	12270	HELP CALL ZONE 5-30
9	Inspection	12271	HELP CALL ZONE 5-31
9	Inspection	12272	HELP CALL ZONE 5-32
9	Inspection	12273	HELP CALL ZONE 5-33
9	Inspection	12274	HELP CALL ZONE 5-34
9	Inspection	12275	HELP CALL ZONE 5-35
9	Inspection	12276	HELP CALL ZONE 5-36
9	Inspection	12277	HELP CALL ZONE 5-37
9	Inspection	12278	HELP CALL ZONE 5-38
9	Inspection	12279	HELP CALL ZONE 5-39
9	Inspection	12280	HELP CALL ZONE 5-40
9	Inspection	12281	HELP CALL ZONE 5-41
9	Inspection	12282	HELP CALL ZONE 5-42
9	Inspection	12283	HELP CALL ZONE 5-43
9	Inspection	12284	HELP CALL ZONE 5-44
9	Inspection	12285	HELP CALL ZONE 5-45
9	Inspection	12286	HELP CALL ZONE 5-46
9	Inspection	12287	HELP CALL ZONE 5-47
9	Inspection	12288	HELP CALL ZONE 5-48
9	Inspection	12289	HELP CALL ZONE 5-49
9	Inspection	12290	HELP CALL ZONE 5-50
9	Inspection	12291	HELP CALL ZONE 5-51
9	Inspection	12292	HELP CALL ZONE 5-52
9	Inspection	12293	HELP CALL ZONE 5-53
9	Inspection	12294	HELP CALL ZONE 5-54
9	Inspection	12295	HELP CALL ZONE 5-55
9	Inspection	12296	HELP CALL ZONE 5-56
9	Inspection	12297	HELP CALL ZONE 5-57
9	Inspection	12298	HELP CALL ZONE 5-58
9	Inspection	12299	HELP CALL ZONE 5-59
9	Inspection	12300	HELP CALL ZONE 5-60
16	Fabrication	12301	HELP-ROTOVAC
16	Fabrication	12302	HELP-AMADA 7613
16	Fabrication	12303	HELP-AMADA 1412
16	Fabrication	12304	HELP-AMADA 2721
16	Fabrication	12305	HELP-AMADA 1419
16	Fabrication	12306	HELP-AMADA 2729
16	Fabrication	12307	HELP-AMADA 2727
16	Fabrication	12308	HELP-AMADA 1414
16	Fabrication	12309	HELP-AMADA 2722
16	Fabrication	12310	HELP-PB 8000
16	Fabrication	12311	HELP-PB 9000
16	Fabrication	12312	HELP-AMADA 2732
16	Fabrication	12313	HELP-AMADA 2731
16	Fabrication	12314	HELP-AMADA 2612
16	Fabrication	12315	HELP-AMADA 2611
16	Fabrication	12316	HELP-PB7000
16	Fabrication	12317	HELP-PB6000
16	Fabrication	12318	HELP-SALVANGNINI
16	Fabrication	12319	HELP CALL ZONE 6-19
16	Fabrication	12320	HELP CALL ZONE 6-20
16	Fabrication	12321	HELP CALL ZONE 6-21
16	Fabrication	12322	HELP CALL ZONE 6-22
16	Fabrication	12323	HELP CALL ZONE 6-23
16	Fabrication	12324	HELP CALL ZONE 6-24
16	Fabrication	12325	HELP CALL ZONE 6-25
16	Fabrication	12326	HELP CALL ZONE 6-26
16	Fabrication	12327	HELP CALL ZONE 6-27
16	Fabrication	12328	HELP CALL ZONE 6-28
16	Fabrication	12329	HELP CALL ZONE 6-29
16	Fabrication	12330	HELP CALL ZONE 6-30
16	Fabrication	12331	HELP CALL ZONE 6-31
16	Fabrication	12332	HELP CALL ZONE 6-32
16	Fabrication	12333	HELP CALL ZONE 6-33
16	Fabrication	12334	HELP CALL ZONE 6-34
16	Fabrication	12335	HELP CALL ZONE 6-35
16	Fabrication	12336	HELP CALL ZONE 6-36
16	Fabrication	12337	HELP CALL ZONE 6-37
16	Fabrication	12338	HELP CALL ZONE 6-38
16	Fabrication	12339	HELP CALL ZONE 6-39
16	Fabrication	12340	HELP CALL ZONE 6-40
16	Fabrication	12341	HELP CALL ZONE 6-41
16	Fabrication	12342	HELP CALL ZONE 6-42
16	Fabrication	12343	HELP CALL ZONE 6-43
16	Fabrication	12344	HELP CALL ZONE 6-44
16	Fabrication	12345	HELP CALL ZONE 6-45
16	Fabrication	12346	HELP CALL ZONE 6-46
16	Fabrication	12347	HELP CALL ZONE 6-47
16	Fabrication	12348	HELP CALL ZONE 6-48
16	Fabrication	12349	HELP CALL ZONE 6-49
16	Fabrication	12350	HELP CALL ZONE 6-50
16	Fabrication	12351	HELP CALL ZONE 6-51
16	Fabrication	12352	HELP CALL ZONE 6-52
16	Fabrication	12353	HELP CALL ZONE 6-53
16	Fabrication	12354	HELP CALL ZONE 6-54
16	Fabrication	12355	HELP CALL ZONE 6-55
16	Fabrication	12356	HELP CALL ZONE 6-56
16	Fabrication	12357	HELP CALL ZONE 6-57
16	Fabrication	12358	HELP CALL ZONE 6-58
16	Fabrication	12359	HELP CALL ZONE 6-59
16	Fabrication	12360	HELP CALL ZONE 6-60
1	Pre Foam	13001	UNSCHEDULED BREAK
2	Side Line	13002	UNSCHEDULED BREAK
3	Charge Loop	13003	UNSCHEDULED BREAK
4	Doors	13004	UNSCHEDULED BREAK
9	Inspection	13005	UNSCHEDULED BREAK
1	Pre Foam	14001	STOP-CAB SEQUENCER
1	Pre Foam	14002	STOP-BROADCAST
1	Pre Foam	14003	STOP-TOP PANEL ASSY
1	Pre Foam	14004	STOP-BOTTOM PLATE ASSY
1	Pre Foam	14005	STOP-TOP PLATE ASSY
1	Pre Foam	14006	STOP-VACUUM PANELS
1	Pre Foam	14007	STOP-HEAT EXCHANGER
1	Pre Foam	14008	STOP-LINER DROPPER 1
1	Pre Foam	14009	STOP-LINER DROPPER 2
1	Pre Foam	14010	STOP-LINER DROPPER 3
1	Pre Foam	14011	STOP-BREAK DROPPER 1
1	Pre Foam	14012	STOP-BREAK DROPPER 2
1	Pre Foam	14013	STOP-2ND CLASS INSPECTOR
1	Pre Foam	14014	STOP-BREAKER TRIM 1
1	Pre Foam	14015	STOP-BREAKER TRIM 2
1	Pre Foam	14016	STOP-BREAKER TRIM MAGNET
1	Pre Foam	14017	STOP-BREAKER TRIM BOTTOM
1	Pre Foam	14018	STOP-BREAKER TRIM TOP
1	Pre Foam	14019	STOP-RC TAPER
1	Pre Foam	14020	STOP-RC WIRE HARNESS 2
1	Pre Foam	14021	STOP-RC WIRE HARNESS 1
1	Pre Foam	14022	STOP-RC LIGHTS
1	Pre Foam	14023	STOP-RC CRIMPER
1	Pre Foam	14024	STOP-AMADA 2720
1	Pre Foam	14025	STOP-FC TAPER
1	Pre Foam	14026	STOP-FC WIRES 2
1	Pre Foam	14027	STOP-FC WIRES 1
1	Pre Foam	14028	STOP-FC LIGHTS
1	Pre Foam	14029	STOP-FC CRIMPER
1	Pre Foam	14030	STOP-AMADA 2702
1	Pre Foam	14031	STOP-BORLAUG
1	Pre Foam	14032	STOP-TOP GRILL SUB ASSY
1	Pre Foam	14033	STOP-TOP/BOTTOM SEQ
1	Pre Foam	14034	STOP-DOOR SEQ
1	Pre Foam	14035	ZONE STOP 1-35
1	Pre Foam	14036	ZONE STOP 1-36
1	Pre Foam	14037	ZONE STOP 1-37
1	Pre Foam	14038	ZONE STOP 1-38
1	Pre Foam	14039	ZONE STOP 1-39
1	Pre Foam	14040	ZONE STOP 1-40
1	Pre Foam	14041	ZONE STOP 1-41
1	Pre Foam	14042	ZONE STOP 1-42
1	Pre Foam	14043	ZONE STOP 1-43
1	Pre Foam	14044	ZONE STOP 1-44
1	Pre Foam	14045	ZONE STOP 1-45
1	Pre Foam	14046	ZONE STOP 1-46
1	Pre Foam	14047	ZONE STOP 1-47
1	Pre Foam	14048	ZONE STOP 1-48
1	Pre Foam	14049	ZONE STOP 1-49
1	Pre Foam	14050	ZONE STOP 1-50
1	Pre Foam	14051	ZONE STOP 1-51
1	Pre Foam	14052	ZONE STOP 1-52
1	Pre Foam	14053	ZONE STOP 1-53
1	Pre Foam	14054	ZONE STOP 1-54
1	Pre Foam	14055	ZONE STOP 1-55
1	Pre Foam	14056	ZONE STOP 1-56
1	Pre Foam	14057	STOP-LINER 1
1	Pre Foam	14058	STOP-LINER 2
1	Pre Foam	14059	STOP-BOTTOM PLATE ASSY
1	Pre Foam	14060	STOP-BREAK DROPPER 1
2	Side Line	14061	OFF @ PANEL-B020
2	Side Line	14062	OFF @ PANEL-B030
2	Side Line	14063	STOP-FIXTURE 4
2	Side Line	14064	STOP-FIXTURE 5
2	Side Line	14065	STOP-WATER TANK
2	Side Line	14066	STOP-ROLLERBASE
2	Side Line	14067	STOP-WATER FILTER
2	Side Line	14068	STOP-CARDPACK
2	Side Line	14069	STOP-CONDENSER BUILD
2	Side Line	14070	STOP-CONDENSER BRAZER
2	Side Line	14071	STOP-ICE MAKER ASSY 1
2	Side Line	14072	STOP-ICE MAKER ASSY 2
2	Side Line	14073	STOP-DRAIN PAN BRAZER
2	Side Line	14074	STOP-SKID HANG
2	Side Line	14075	STOP-TUBING
2	Side Line	14076	STOP-WATER SPIDER
2	Side Line	14077	STOP-AIR DUCT
2	Side Line	14078	STOP-CLIPS / AIR BAFFLES
2	Side Line	14079	STOP-EVAP BRAZER
2	Side Line	14080	STOP-UI INSTALL
2	Side Line	14081	STOP-WLL TEST
2	Side Line	14082	STOP-ICE MAKER INSTALL
2	Side Line	14083	STOP-TOP BRAZE
2	Side Line	14084	STOP-FIXTURE 2
2	Side Line	14085	STOP-FIXTURE 3
2	Side Line	14086	STOP-TT UNIT NOT CENTRED
2	Side Line	14087	STOP-TT SENSOR FAIL CALL MAINT
2	Side Line	14088	STOP-WATERLINE LEAK TEST
2	Side Line	14089	STOP-ROLLOVER CRASH
2	Side Line	14090	STOP-HEATLOOP 1 SCAN
2	Side Line	14091	STOP-HEATLOOP 2 SCAN
2	Side Line	14092	ZONE STOP 2-32
2	Side Line	14093	ZONE STOP 2-33
2	Side Line	14094	ZONE STOP 2-34
2	Side Line	14095	ZONE STOP 2-35
2	Side Line	14096	ZONE STOP 2-36
2	Side Line	14097	ZONE STOP 2-37
2	Side Line	14098	ZONE STOP 2-38
2	Side Line	14099	ZONE STOP 2-39
2	Side Line	14100	ZONE STOP 2-40
2	Side Line	14101	ZONE STOP 2-41
2	Side Line	14102	ZONE STOP 2-42
2	Side Line	14103	ZONE STOP 2-43
2	Side Line	14104	ZONE STOP 2-44
2	Side Line	14105	ZONE STOP 2-45
2	Side Line	14106	ZONE STOP 2-46
2	Side Line	14107	ZONE STOP 2-47
2	Side Line	14108	ZONE STOP 2-48
2	Side Line	14109	ZONE STOP 2-49
2	Side Line	14110	ZONE STOP 2-50
2	Side Line	14111	ZONE STOP 2-51
2	Side Line	14112	ZONE STOP 2-52
2	Side Line	14113	ZONE STOP 2-53
2	Side Line	14114	ZONE STOP 2-54
2	Side Line	14115	STOP-WATER TANK
2	Side Line	14116	STOP-CONDENSOR BRAZER
2	Side Line	14117	STOP-WATER FILTER
2	Side Line	14118	STOP-ICE MAKER ASSY
2	Side Line	14119	STOP-UI INSTALL
2	Side Line	14120	STOP-DRAIN PAN BRAZER
3	Charge Loop	14121	STOP-TOP BRAZE 1
3	Charge Loop	14122	STOP-TOP BRAZE 2
3	Charge Loop	14123	STOP-SWITCHES
3	Charge Loop	14124	STOP-GEMINI BOARD
3	Charge Loop	14125	STOP-TOP TRIM
3	Charge Loop	14126	STOP-CHU KITS 1
3	Charge Loop	14127	STOP-MULTIPORT
3	Charge Loop	14128	STOP-LADDER
3	Charge Loop	14129	STOP-CB/ FIRST ELECTRICAL
3	Charge Loop	14130	STOP-PS2
3	Charge Loop	14131	STOP-GEMINI BOARD
3	Charge Loop	14132	STOP-EVAP COVERS
3	Charge Loop	14133	STOP-PS1
3	Charge Loop	14134	STOP-EVAC HOOKUP SCAN FAIL
3	Charge Loop	14135	WRONG ICE MAKER
3	Charge Loop	14136	STOP-WRONG INVERTER
3	Charge Loop	14137	STOP-REPEAT INVERTER NO SCAN
3	Charge Loop	14138	ZONE STOP 3-18
3	Charge Loop	14139	ZONE STOP 3-19
3	Charge Loop	14140	ZONE STOP 3-20
3	Charge Loop	14141	ZONE STOP 3-21
3	Charge Loop	14142	ZONE STOP 3-22
3	Charge Loop	14143	ZONE STOP 3-23
3	Charge Loop	14144	ZONE STOP 3-24
3	Charge Loop	14145	ZONE STOP 3-25
3	Charge Loop	14146	ZONE STOP 3-26
3	Charge Loop	14147	ZONE STOP 3-27
3	Charge Loop	14148	ZONE STOP 3-28
3	Charge Loop	14149	ZONE STOP 3-29
3	Charge Loop	14150	ZONE STOP 3-30
3	Charge Loop	14151	ZONE STOP 3-31
3	Charge Loop	14152	ZONE STOP 3-32
3	Charge Loop	14153	ZONE STOP 3-33
3	Charge Loop	14154	ZONE STOP 3-34
3	Charge Loop	14155	ZONE STOP 3-35
3	Charge Loop	14156	ZONE STOP 3-36
3	Charge Loop	14157	ZONE STOP 3-37
3	Charge Loop	14158	ZONE STOP 3-38
3	Charge Loop	14159	ZONE STOP 3-39
3	Charge Loop	14160	ZONE STOP 3-40
3	Charge Loop	14161	ZONE STOP 3-41
3	Charge Loop	14162	ZONE STOP 3-42
3	Charge Loop	14163	ZONE STOP 3-43
3	Charge Loop	14164	ZONE STOP 3-44
3	Charge Loop	14165	ZONE STOP 3-45
3	Charge Loop	14166	ZONE STOP 3-46
3	Charge Loop	14167	ZONE STOP 3-47
3	Charge Loop	14168	ZONE STOP 3-48
3	Charge Loop	14169	ZONE STOP 3-49
3	Charge Loop	14170	ZONE STOP 3-50
3	Charge Loop	14171	ZONE STOP 3-51
3	Charge Loop	14172	ZONE STOP 3-52
3	Charge Loop	14173	STOP-SPACER REMOVAL
3	Charge Loop	14174	STOP-TOP BRAZE 2
3	Charge Loop	14175	STOP-CB/FIRST ELEC
3	Charge Loop	14176	STOP-PS2
3	Charge Loop	14177	STOP-CHU KITS
3	Charge Loop	14178	STOP-R600 CELL 1
3	Charge Loop	14179	STOP-R600 CELL 2
3	Charge Loop	14180	STOP-R600 CELL 3
4	Doors	14181	STOP-DOGHOUSE
4	Doors	14182	STOP-PS 2 OPERATOR 2
4	Doors	14183	STOP-CRISPER PANS
4	Doors	14184	STOP-DOOR HANG
4	Doors	14185	STOP-TOP HINGE 1
4	Doors	14186	STOP-TOP HINGE 2
4	Doors	14187	STOP-BUCKETS C2D
4	Doors	14188	STOP-SIDE TRIM
4	Doors	14189	STOP-DOOR LEVEL
4	Doors	14190	STOP-TOP GRILLS
4	Doors	14191	STOP-R600 LABEL MISSING
4	Doors	14192	ZONE STOP 4-12
4	Doors	14193	ZONE STOP 4-13
4	Doors	14194	ZONE STOP 4-14
4	Doors	14195	ZONE STOP 4-15
4	Doors	14196	ZONE STOP 4-16
4	Doors	14197	ZONE STOP 4-17
4	Doors	14198	ZONE STOP 4-18
4	Doors	14199	ZONE STOP 4-19
4	Doors	14200	ZONE STOP 4-20
4	Doors	14201	ZONE STOP 4-21
4	Doors	14202	ZONE STOP 4-22
4	Doors	14203	ZONE STOP 4-23
4	Doors	14204	ZONE STOP 4-24
4	Doors	14205	ZONE STOP 4-25
4	Doors	14206	ZONE STOP 4-26
4	Doors	14207	ZONE STOP 4-27
4	Doors	14208	ZONE STOP 4-28
4	Doors	14209	ZONE STOP 4-29
4	Doors	14210	ZONE STOP 4-30
4	Doors	14211	ZONE STOP 4-31
4	Doors	14212	ZONE STOP 4-32
4	Doors	14213	ZONE STOP 4-33
4	Doors	14214	ZONE STOP 4-34
4	Doors	14215	ZONE STOP 4-35
4	Doors	14216	ZONE STOP 4-36
4	Doors	14217	ZONE STOP 4-37
4	Doors	14218	ZONE STOP 4-38
4	Doors	14219	ZONE STOP 4-39
4	Doors	14220	ZONE STOP 4-40
4	Doors	14221	ZONE STOP 4-41
4	Doors	14222	ZONE STOP 4-42
4	Doors	14223	ZONE STOP 4-43
4	Doors	14224	ZONE STOP 4-44
4	Doors	14225	ZONE STOP 4-45
4	Doors	14226	ZONE STOP 4-46
4	Doors	14227	ZONE STOP 4-47
4	Doors	14228	ZONE STOP 4-48
4	Doors	14229	ZONE STOP 4-49
4	Doors	14230	ZONE STOP 4-50
4	Doors	14231	ZONE STOP 4-51
4	Doors	14232	ZONE STOP 4-52
4	Doors	14233	ZONE STOP 4-53
4	Doors	14234	ZONE STOP 4-54
4	Doors	14235	ZONE STOP 4-55
4	Doors	14236	STOP-SHELVES
4	Doors	14237	STOP-DOOR HANG
4	Doors	14238	STOP-TOP HINGE
4	Doors	14239	STOP-DOOR LEVELER
4	Doors	14240	ZONE STOP 4-60
9	Inspection	14241	STOP-ZONE 63
9	Inspection	14242	STOP-ZONE 66 SOUTH
9	Inspection	14243	STOP-ZONE 70 EAST
9	Inspection	14244	STOP-ZONE 70 WEST
9	Inspection	14245	ZONE STOP 5-5
9	Inspection	14246	ZONE STOP 5-6
9	Inspection	14247	ZONE STOP 5-7
9	Inspection	14248	ZONE STOP 5-8
9	Inspection	14249	ZONE STOP 5-9
9	Inspection	14250	ZONE STOP 5-10
9	Inspection	14251	ZONE STOP 5-11
9	Inspection	14252	ZONE STOP 5-12
9	Inspection	14253	ZONE STOP 5-13
9	Inspection	14254	ZONE STOP 5-14
9	Inspection	14255	ZONE STOP 5-15
9	Inspection	14256	ZONE STOP 5-16
9	Inspection	14257	ZONE STOP 5-17
9	Inspection	14258	ZONE STOP 5-18
9	Inspection	14259	ZONE STOP 5-19
9	Inspection	14260	ZONE STOP 5-20
9	Inspection	14261	ZONE STOP 5-21
9	Inspection	14262	ZONE STOP 5-22
9	Inspection	14263	ZONE STOP 5-23
9	Inspection	14264	ZONE STOP 5-24
9	Inspection	14265	ZONE STOP 5-25
9	Inspection	14266	ZONE STOP 5-26
9	Inspection	14267	ZONE STOP 5-27
9	Inspection	14268	ZONE STOP 5-28
9	Inspection	14269	ZONE STOP 5-29
9	Inspection	14270	ZONE STOP 5-30
9	Inspection	14271	ZONE STOP 5-31
9	Inspection	14272	ZONE STOP 5-32
9	Inspection	14273	ZONE STOP 5-33
9	Inspection	14274	ZONE STOP 5-34
9	Inspection	14275	ZONE STOP 5-35
9	Inspection	14276	ZONE STOP 5-36
9	Inspection	14277	ZONE STOP 5-37
9	Inspection	14278	ZONE STOP 5-38
9	Inspection	14279	ZONE STOP 5-39
9	Inspection	14280	ZONE STOP 5-40
9	Inspection	14281	ZONE STOP 5-41
9	Inspection	14282	ZONE STOP 5-42
9	Inspection	14283	ZONE STOP 5-43
9	Inspection	14284	ZONE STOP 5-44
9	Inspection	14285	ZONE STOP 5-45
9	Inspection	14286	ZONE STOP 5-46
9	Inspection	14287	ZONE STOP 5-47
9	Inspection	14288	ZONE STOP 5-48
9	Inspection	14289	ZONE STOP 5-49
9	Inspection	14290	ZONE STOP 5-50
9	Inspection	14291	ZONE STOP 5-51
9	Inspection	14292	ZONE STOP 5-52
9	Inspection	14293	ZONE STOP 5-53
9	Inspection	14294	ZONE STOP 5-54
9	Inspection	14295	ZONE STOP 5-55
9	Inspection	14296	ZONE STOP 5-56
9	Inspection	14297	ZONE STOP 5-57
9	Inspection	14298	ZONE STOP 5-58
9	Inspection	14299	ZONE STOP 5-59
9	Inspection	14300	STOP-INSPECTION
1	Pre Foam	15001	ESTOP ZONE 1-1
1	Pre Foam	15002	ESTOP ZONE 1-2
1	Pre Foam	15003	ESTOP ZONE 1-3
1	Pre Foam	15004	ESTOP ZONE 1-4
1	Pre Foam	15005	ESTOP ZONE 1-5
1	Pre Foam	15006	ESTOP ZONE 1-6
1	Pre Foam	15007	ESTOP ZONE 1-7
1	Pre Foam	15008	ESTOP ZONE 1-8
1	Pre Foam	15009	ESTOP ZONE 1-9
1	Pre Foam	15010	ESTOP ZONE 1-10
1	Pre Foam	15011	ESTOP ZONE 1-11
1	Pre Foam	15012	ESTOP ZONE 1-12
1	Pre Foam	15013	ESTOP ZONE 1-13
1	Pre Foam	15014	ESTOP ZONE 1-14
1	Pre Foam	15015	ESTOP ZONE 1-15
1	Pre Foam	15016	ESTOP ZONE 1-16
1	Pre Foam	15017	ESTOP ZONE 1-17
1	Pre Foam	15018	ESTOP ZONE 1-18
1	Pre Foam	15019	ESTOP ZONE 1-19
1	Pre Foam	15020	ESTOP ZONE 1-20
1	Pre Foam	15021	ESTOP ZONE 1-21
1	Pre Foam	15022	ESTOP ZONE 1-22
1	Pre Foam	15023	ESTOP ZONE 1-23
1	Pre Foam	15024	ESTOP ZONE 1-24
1	Pre Foam	15025	ESTOP ZONE 1-25
1	Pre Foam	15026	ESTOP ZONE 1-26
1	Pre Foam	15027	ESTOP ZONE 1-27
1	Pre Foam	15028	ESTOP ZONE 1-28
1	Pre Foam	15029	ESTOP ZONE 1-29
1	Pre Foam	15030	ESTOP ZONE 1-30
2	Side Line	15031	ESTOP ZONE 2-1
2	Side Line	15032	ESTOP ZONE 2-2
2	Side Line	15033	ESTOP ZONE 2-3
2	Side Line	15034	ESTOP ZONE 2-4
2	Side Line	15035	ESTOP ZONE 2-5
2	Side Line	15036	ESTOP ZONE 2-6
2	Side Line	15037	ESTOP ZONE 2-7
2	Side Line	15038	ESTOP ZONE 2-8
2	Side Line	15039	ESTOP ZONE 2-9
2	Side Line	15040	ESTOP ZONE 2-10
2	Side Line	15041	ESTOP ZONE 2-11
2	Side Line	15042	ESTOP ZONE 2-12
2	Side Line	15043	ESTOP ZONE 2-13
2	Side Line	15044	ESTOP ZONE 2-14
2	Side Line	15045	ESTOP ZONE 2-15
2	Side Line	15046	ESTOP ZONE 2-16
2	Side Line	15047	ESTOP ZONE 2-17
2	Side Line	15048	ESTOP ZONE 2-18
2	Side Line	15049	ESTOP ZONE 2-19
2	Side Line	15050	ESTOP ZONE 2-20
2	Side Line	15051	ESTOP ZONE 2-21
2	Side Line	15052	ESTOP ZONE 2-22
2	Side Line	15053	ESTOP ZONE 2-23
2	Side Line	15054	ESTOP ZONE 2-24
2	Side Line	15055	ESTOP ZONE 2-25
2	Side Line	15056	ESTOP ZONE 2-26
2	Side Line	15057	ESTOP ZONE 2-27
2	Side Line	15058	ESTOP ZONE 2-28
2	Side Line	15059	ESTOP ZONE 2-29
2	Side Line	15060	ESTOP ZONE 2-30
3	Charge Loop	15061	ESTOP ZONE 3-1
3	Charge Loop	15062	ESTOP ZONE 3-2
3	Charge Loop	15063	ESTOP ZONE 3-3
3	Charge Loop	15064	ESTOP ZONE 3-4
3	Charge Loop	15065	ESTOP ZONE 3-5
3	Charge Loop	15066	ESTOP ZONE 3-6
3	Charge Loop	15067	ESTOP ZONE 3-7
3	Charge Loop	15068	ESTOP ZONE 3-8
3	Charge Loop	15069	ESTOP ZONE 3-9
3	Charge Loop	15070	ESTOP ZONE 3-10
3	Charge Loop	15071	ESTOP ZONE 3-11
3	Charge Loop	15072	ESTOP ZONE 3-12
3	Charge Loop	15073	ESTOP ZONE 3-13
3	Charge Loop	15074	ESTOP ZONE 3-14
3	Charge Loop	15075	ESTOP ZONE 3-15
3	Charge Loop	15076	ESTOP ZONE 3-16
3	Charge Loop	15077	ESTOP ZONE 3-17
3	Charge Loop	15078	ESTOP ZONE 3-18
3	Charge Loop	15079	ESTOP ZONE 3-19
3	Charge Loop	15080	ESTOP ZONE 3-20
3	Charge Loop	15081	ESTOP ZONE 3-21
3	Charge Loop	15082	ESTOP ZONE 3-22
3	Charge Loop	15083	ESTOP ZONE 3-23
3	Charge Loop	15084	ESTOP ZONE 3-24
3	Charge Loop	15085	ESTOP ZONE 3-25
3	Charge Loop	15086	ESTOP ZONE 3-26
3	Charge Loop	15087	ESTOP ZONE 3-27
3	Charge Loop	15088	ESTOP ZONE 3-28
3	Charge Loop	15089	ESTOP ZONE 3-29
3	Charge Loop	15090	ESTOP ZONE 3-30
4	Doors	15091	ESTOP ZONE 4-1
4	Doors	15092	ESTOP ZONE 4-2
4	Doors	15093	ESTOP ZONE 4-3
4	Doors	15094	ESTOP ZONE 4-4
4	Doors	15095	ESTOP ZONE 4-5
4	Doors	15096	ESTOP ZONE 4-6
4	Doors	15097	ESTOP ZONE 4-7
4	Doors	15098	ESTOP ZONE 4-8
4	Doors	15099	ESTOP ZONE 4-9
4	Doors	15100	ESTOP ZONE 4-10
4	Doors	15101	ESTOP ZONE 4-11
4	Doors	15102	ESTOP ZONE 4-12
4	Doors	15103	ESTOP ZONE 4-13
4	Doors	15104	ESTOP ZONE 4-14
4	Doors	15105	ESTOP ZONE 4-15
4	Doors	15106	ESTOP ZONE 4-16
4	Doors	15107	ESTOP ZONE 4-17
4	Doors	15108	ESTOP ZONE 4-18
4	Doors	15109	ESTOP ZONE 4-19
4	Doors	15110	ESTOP ZONE 4-20
4	Doors	15111	ESTOP ZONE 4-21
4	Doors	15112	ESTOP ZONE 4-22
4	Doors	15113	ESTOP ZONE 4-23
4	Doors	15114	ESTOP ZONE 4-24
4	Doors	15115	ESTOP ZONE 4-25
4	Doors	15116	ESTOP ZONE 4-26
4	Doors	15117	ESTOP ZONE 4-27
4	Doors	15118	ESTOP ZONE 4-28
4	Doors	15119	ESTOP ZONE 4-29
4	Doors	15120	ESTOP ZONE 4-30
9	Inspection	15121	ESTOP ZONE 5-1
9	Inspection	15122	ESTOP ZONE 5-2
9	Inspection	15123	ESTOP ZONE 5-3
9	Inspection	15124	ESTOP ZONE 5-4
9	Inspection	15125	ESTOP ZONE 5-5
9	Inspection	15126	ESTOP ZONE 5-6
9	Inspection	15127	ESTOP ZONE 5-7
9	Inspection	15128	ESTOP ZONE 5-8
9	Inspection	15129	ESTOP ZONE 5-9
9	Inspection	15130	ESTOP ZONE 5-10
9	Inspection	15131	ESTOP ZONE 5-11
9	Inspection	15132	ESTOP ZONE 5-12
9	Inspection	15133	ESTOP ZONE 5-13
9	Inspection	15134	ESTOP ZONE 5-14
9	Inspection	15135	ESTOP ZONE 5-15
9	Inspection	15136	ESTOP ZONE 5-16
9	Inspection	15137	ESTOP ZONE 5-17
9	Inspection	15138	ESTOP ZONE 5-18
9	Inspection	15139	ESTOP ZONE 5-19
9	Inspection	15140	ESTOP ZONE 5-20
9	Inspection	15141	ESTOP ZONE 5-21
9	Inspection	15142	ESTOP ZONE 5-22
9	Inspection	15143	ESTOP ZONE 5-23
9	Inspection	15144	ESTOP ZONE 5-24
9	Inspection	15145	ESTOP ZONE 5-25
9	Inspection	15146	ESTOP ZONE 5-26
9	Inspection	15147	ESTOP ZONE 5-27
9	Inspection	15148	ESTOP ZONE 5-28
9	Inspection	15149	ESTOP ZONE 5-29
9	Inspection	15150	ESTOP ZONE 5-30
1	Pre Foam	16001	SAFETY STOP ZONE 1-1
1	Pre Foam	16002	SAFETY STOP ZONE 1-2
1	Pre Foam	16003	SAFETY STOP ZONE 1-3
1	Pre Foam	16004	SAFETY STOP ZONE 1-4
1	Pre Foam	16005	SAFETY STOP ZONE 1-5
1	Pre Foam	16006	SAFETY STOP ZONE 1-6
1	Pre Foam	16007	SAFETY STOP ZONE 1-7
1	Pre Foam	16008	SAFETY STOP ZONE 1-8
1	Pre Foam	16009	SAFETY STOP ZONE 1-9
1	Pre Foam	16010	SAFETY STOP ZONE 1-10
1	Pre Foam	16011	SAFETY STOP ZONE 1-11
1	Pre Foam	16012	SAFETY STOP ZONE 1-12
1	Pre Foam	16013	SAFETY STOP ZONE 1-13
1	Pre Foam	16014	SAFETY STOP ZONE 1-14
1	Pre Foam	16015	SAFETY STOP ZONE 1-15
1	Pre Foam	16016	SAFETY STOP ZONE 1-16
1	Pre Foam	16017	SAFETY STOP ZONE 1-17
1	Pre Foam	16018	SAFETY STOP ZONE 1-18
1	Pre Foam	16019	SAFETY STOP ZONE 1-19
1	Pre Foam	16020	SAFETY STOP ZONE 1-20
1	Pre Foam	16021	SAFETY STOP ZONE 1-21
1	Pre Foam	16022	SAFETY STOP ZONE 1-22
1	Pre Foam	16023	SAFETY STOP ZONE 1-23
1	Pre Foam	16024	SAFETY STOP ZONE 1-24
1	Pre Foam	16025	SAFETY STOP ZONE 1-25
1	Pre Foam	16026	SAFETY STOP ZONE 1-26
1	Pre Foam	16027	SAFETY STOP ZONE 1-27
1	Pre Foam	16028	SAFETY STOP ZONE 1-28
1	Pre Foam	16029	SAFETY STOP ZONE 1-29
1	Pre Foam	16030	SAFETY STOP ZONE 1-30
2	Side Line	16031	SAFETY STOP ZONE 2-1
2	Side Line	16032	SAFETY STOP ZONE 2-2
2	Side Line	16033	SAFETY STOP ZONE 2-3
2	Side Line	16034	SAFETY STOP ZONE 2-4
2	Side Line	16035	SAFETY STOP ZONE 2-5
2	Side Line	16036	SAFETY STOP ZONE 2-6
2	Side Line	16037	SAFETY STOP ZONE 2-7
2	Side Line	16038	SAFETY STOP ZONE 2-8
2	Side Line	16039	SAFETY STOP ZONE 2-9
2	Side Line	16040	SAFETY STOP ZONE 2-10
2	Side Line	16041	SAFETY STOP ZONE 2-11
2	Side Line	16042	SAFETY STOP ZONE 2-12
2	Side Line	16043	SAFETY STOP ZONE 2-13
2	Side Line	16044	SAFETY STOP ZONE 2-14
2	Side Line	16045	SAFETY STOP ZONE 2-15
2	Side Line	16046	SAFETY STOP ZONE 2-16
2	Side Line	16047	SAFETY STOP ZONE 2-17
2	Side Line	16048	SAFETY STOP ZONE 2-18
2	Side Line	16049	SAFETY STOP ZONE 2-19
2	Side Line	16050	SAFETY STOP ZONE 2-20
2	Side Line	16051	SAFETY STOP ZONE 2-21
2	Side Line	16052	SAFETY STOP ZONE 2-22
2	Side Line	16053	SAFETY STOP ZONE 2-23
2	Side Line	16054	SAFETY STOP ZONE 2-24
2	Side Line	16055	SAFETY STOP ZONE 2-25
2	Side Line	16056	SAFETY STOP ZONE 2-26
2	Side Line	16057	SAFETY STOP ZONE 2-27
2	Side Line	16058	SAFETY STOP ZONE 2-28
2	Side Line	16059	SAFETY STOP ZONE 2-29
2	Side Line	16060	SAFETY STOP ZONE 2-30
3	Charge Loop	16061	SAFETY STOP ZONE 3-1
3	Charge Loop	16062	SAFETY STOP ZONE 3-2
3	Charge Loop	16063	SAFETY STOP ZONE 3-3
3	Charge Loop	16064	SAFETY STOP ZONE 3-4
3	Charge Loop	16065	SAFETY STOP ZONE 3-5
3	Charge Loop	16066	SAFETY STOP ZONE 3-6
3	Charge Loop	16067	SAFETY STOP ZONE 3-7
3	Charge Loop	16068	SAFETY STOP ZONE 3-8
3	Charge Loop	16069	SAFETY STOP ZONE 3-9
3	Charge Loop	16070	SAFETY STOP ZONE 3-10
3	Charge Loop	16071	SAFETY STOP ZONE 3-11
3	Charge Loop	16072	SAFETY STOP ZONE 3-12
3	Charge Loop	16073	SAFETY STOP ZONE 3-13
3	Charge Loop	16074	SAFETY STOP ZONE 3-14
3	Charge Loop	16075	SAFETY STOP ZONE 3-15
3	Charge Loop	16076	SAFETY STOP ZONE 3-16
3	Charge Loop	16077	SAFETY STOP ZONE 3-17
3	Charge Loop	16078	SAFETY STOP ZONE 3-18
3	Charge Loop	16079	SAFETY STOP ZONE 3-19
3	Charge Loop	16080	SAFETY STOP ZONE 3-20
3	Charge Loop	16081	SAFETY STOP ZONE 3-21
3	Charge Loop	16082	SAFETY STOP ZONE 3-22
3	Charge Loop	16083	SAFETY STOP ZONE 3-23
3	Charge Loop	16084	SAFETY STOP ZONE 3-24
3	Charge Loop	16085	SAFETY STOP ZONE 3-25
3	Charge Loop	16086	SAFETY STOP ZONE 3-26
3	Charge Loop	16087	SAFETY STOP ZONE 3-27
3	Charge Loop	16088	SAFETY STOP ZONE 3-28
3	Charge Loop	16089	SAFETY STOP ZONE 3-29
3	Charge Loop	16090	SAFETY STOP ZONE 3-30
4	Doors	16091	SAFETY STOP ZONE 4-1
4	Doors	16092	SAFETY STOP ZONE 4-2
4	Doors	16093	SAFETY STOP ZONE 4-3
4	Doors	16094	SAFETY STOP ZONE 4-4
4	Doors	16095	SAFETY STOP ZONE 4-5
4	Doors	16096	SAFETY STOP ZONE 4-6
4	Doors	16097	SAFETY STOP ZONE 4-7
4	Doors	16098	SAFETY STOP ZONE 4-8
4	Doors	16099	SAFETY STOP ZONE 4-9
4	Doors	16100	SAFETY STOP ZONE 4-10
4	Doors	16101	SAFETY STOP ZONE 4-11
4	Doors	16102	SAFETY STOP ZONE 4-12
4	Doors	16103	SAFETY STOP ZONE 4-13
4	Doors	16104	SAFETY STOP ZONE 4-14
4	Doors	16105	SAFETY STOP ZONE 4-15
4	Doors	16106	SAFETY STOP ZONE 4-16
4	Doors	16107	SAFETY STOP ZONE 4-17
4	Doors	16108	SAFETY STOP ZONE 4-18
4	Doors	16109	SAFETY STOP ZONE 4-19
4	Doors	16110	SAFETY STOP ZONE 4-20
4	Doors	16111	SAFETY STOP ZONE 4-21
4	Doors	16112	SAFETY STOP ZONE 4-22
4	Doors	16113	SAFETY STOP ZONE 4-23
4	Doors	16114	SAFETY STOP ZONE 4-24
4	Doors	16115	SAFETY STOP ZONE 4-25
4	Doors	16116	SAFETY STOP ZONE 4-26
4	Doors	16117	SAFETY STOP ZONE 4-27
4	Doors	16118	SAFETY STOP ZONE 4-28
4	Doors	16119	SAFETY STOP ZONE 4-29
4	Doors	16120	SAFETY STOP ZONE 4-30
9	Inspection	16121	SAFETY STOP ZONE 5-1
9	Inspection	16122	SAFETY STOP ZONE 5-2
9	Inspection	16123	SAFETY STOP ZONE 5-3
9	Inspection	16124	SAFETY STOP ZONE 5-4
9	Inspection	16125	SAFETY STOP ZONE 5-5
9	Inspection	16126	SAFETY STOP ZONE 5-6
9	Inspection	16127	SAFETY STOP ZONE 5-7
9	Inspection	16128	SAFETY STOP ZONE 5-8
9	Inspection	16129	SAFETY STOP ZONE 5-9
9	Inspection	16130	SAFETY STOP ZONE 5-10
9	Inspection	16131	SAFETY STOP ZONE 5-11
9	Inspection	16132	SAFETY STOP ZONE 5-12
9	Inspection	16133	SAFETY STOP ZONE 5-13
9	Inspection	16134	SAFETY STOP ZONE 5-14
9	Inspection	16135	SAFETY STOP ZONE 5-15
9	Inspection	16136	SAFETY STOP ZONE 5-16
9	Inspection	16137	SAFETY STOP ZONE 5-17
9	Inspection	16138	SAFETY STOP ZONE 5-18
9	Inspection	16139	SAFETY STOP ZONE 5-19
9	Inspection	16140	SAFETY STOP ZONE 5-20
9	Inspection	16141	SAFETY STOP ZONE 5-21
9	Inspection	16142	SAFETY STOP ZONE 5-22
9	Inspection	16143	SAFETY STOP ZONE 5-23
9	Inspection	16144	SAFETY STOP ZONE 5-24
9	Inspection	16145	SAFETY STOP ZONE 5-25
9	Inspection	16146	SAFETY STOP ZONE 5-26
9	Inspection	16147	SAFETY STOP ZONE 5-27
9	Inspection	16148	SAFETY STOP ZONE 5-28
9	Inspection	16149	SAFETY STOP ZONE 5-29
9	Inspection	16150	SAFETY STOP ZONE 5-30
